nom,genre,parti,changements,ch1-legislature,ch1-hansard,ch1-parti,ch2-legislature,ch2-hansard,ch2-parti,province,urlPhoto
Adam Chambers,H,PCC,0,,,,,,,Ontario,https://www.noscommunes.ca/Content/Parliamentarians/Images/OfficialMPPhotos/44/ChambersAdam_CPC.jpg
Adam van Koeverden,H,PLC,0,,,,,,,Ontario,https://www.noscommunes.ca/Content/Parliamentarians/Images/OfficialMPPhotos/44/vanKoeverdenAdam_Lib.jpg
Adam Vaughan,H,PLC,0,,,,,,,Ontario,https://www.noscommunes.ca/Content/Parliamentarians/Images/OfficialMPPhotos/43/VaughanAdam_Lib.jpg
Ahmed Hussen,H,PLC,0,,,,,,,Ontario,https://www.noscommunes.ca/Content/Parliamentarians/Images/OfficialMPPhotos/44/HussenAhmedD_Lib.jpg
Alain Rayes,H,PCC,1,441,102,Ind.,,,,Québec,https://www.noscommunes.ca/Content/Parliamentarians/Images/OfficialMPPhotos/44/RayesAlain_CPC.jpg
Alain Therrien,H,BQ,0,,,,,,,Québec,https://www.noscommunes.ca/Content/Parliamentarians/Images/OfficialMPPhotos/44/TherrienAlain_BQ.jpg
Alaina Lockhart,F,PLC,0,,,,,,,Nouveau-Brunswick,https://www.noscommunes.ca/Content/Parliamentarians/Images/OfficialMPPhotos/42/LockhartAlaina_Lib.jpg
Alex Ruff,H,PCC,0,,,,,,,Ontario,https://www.noscommunes.ca/Content/Parliamentarians/Images/OfficialMPPhotos/44/RuffAlex_CPC.jpg
Alexander Nuttall,H,PCC,0,,,,,,,Ontario,https://www.noscommunes.ca/Content/Parliamentarians/Images/OfficialMPPhotos/42/NuttallAlex_CPC.jpg
Alexandra Mendès,F,PLC,0,,,,,,,Québec,https://www.noscommunes.ca/Content/Parliamentarians/Images/OfficialMPPhotos/44/MendèsAlexandra_Lib.jpg
Alexandre Boulerice,H,NPD,0,,,,,,,Québec,https://www.noscommunes.ca/Content/Parliamentarians/Images/OfficialMPPhotos/44/BoulericeAlexandre_NDP.jpg
Alexis Brunelle-Duceppe,H,BQ,0,,,,,,,Québec,https://www.noscommunes.ca/Content/Parliamentarians/Images/OfficialMPPhotos/44/Brunelle-DuceppeAlexis_BQ.jpg
Ali Ehsassi,H,PLC,0,,,,,,,Ontario,https://www.noscommunes.ca/Content/Parliamentarians/Images/OfficialMPPhotos/44/EhsassiAli_Lib.jpg
Alice Wong,F,PCC,0,,,,,,,Colombie-Britannique,https://www.noscommunes.ca/Content/Parliamentarians/Images/OfficialMPPhotos/43/WongAlice_CPC.jpg
Alistair MacGregor,H,NPD,0,,,,,,,Colombie-Britannique,https://www.noscommunes.ca/Content/Parliamentarians/Images/OfficialMPPhotos/44/MacGregorAllistair_NDP.jpg
Alupa Clarke,H,PCC,0,,,,,,,Québec,https://www.noscommunes.ca/Content/Parliamentarians/Images/OfficialMPPhotos/42/ClarkeAlupa_CPC.jpg
Amarjeet Sohi,H,PLC,0,,,,,,,Alberta,https://www.noscommunes.ca/Content/Parliamentarians/Images/OfficialMPPhotos/42/SohiAmarjeet_Lib.jpg
Andréanne Larouche,F,BQ,0,,,,,,,Québec,https://www.noscommunes.ca/Content/Parliamentarians/Images/OfficialMPPhotos/44/LaroucheAndréanne_BQ.jpg
Andrew Leslie,H,PLC,0,,,,,,,Ontario,https://www.noscommunes.ca/Content/Parliamentarians/Images/OfficialMPPhotos/42/LeslieAndrew_Lib.jpg
Andrew Scheer,H,PCC,0,,,,,,,Saskatchewan,https://www.noscommunes.ca/Content/Parliamentarians/Images/OfficialMPPhotos/44/ScheerAndrew_CPC.jpg
Andy Fillmore,H,PLC,0,,,,,,,Nouvelle-Écosse,https://www.noscommunes.ca/Content/Parliamentarians/Images/OfficialMPPhotos/44/FillmoreAndy_Lib.jpg
Angelo Iacono,H,PLC,0,,,,,,,Québec,https://www.noscommunes.ca/Content/Parliamentarians/Images/OfficialMPPhotos/44/IaconoAngelo_Lib.jpg
Anita Anand,F,PLC,0,,,,,,,Ontario,https://www.noscommunes.ca/Content/Parliamentarians/Images/OfficialMPPhotos/44/AnandAnita_Lib.jpg
Anita Vandenbeld,F,PLC,0,,,,,,,Ontario,https://www.noscommunes.ca/Content/Parliamentarians/Images/OfficialMPPhotos/44/VandenbeldAnita_Lib.jpg
Anju Dhillon,F,PLC,0,,,,,,,Québec,https://www.noscommunes.ca/Content/Parliamentarians/Images/OfficialMPPhotos/44/DhillonAnju_Lib.jpg
Anna Roberts,F,PCC,0,,,,,,,Ontario,https://www.noscommunes.ca/Content/Parliamentarians/Images/OfficialMPPhotos/44/RobertsAnna_CPC.jpg
Anne Minh-Thu Quach,F,NPD,0,,,,,,,Québec,https://www.noscommunes.ca/Content/Parliamentarians/Images/OfficialMPPhotos/42/QuachAnneMinhThu_NDP.jpg
Annie Koutrakis,F,PLC,0,,,,,,,Québec,https://www.noscommunes.ca/Content/Parliamentarians/Images/OfficialMPPhotos/44/KoutrakisAnnie_Lib.jpg
Anthony Housefather,H,PLC,0,,,,,,,Québec,https://www.noscommunes.ca/Content/Parliamentarians/Images/OfficialMPPhotos/44/HousefatherAnthony_Lib.jpg
Anthony Rota,H,PLC,0,,,,,,,Ontario,https://www.noscommunes.ca/Content/Parliamentarians/Images/OfficialMPPhotos/44/RotaAnthony_Lib.jpg
Arielle Kayabaga,F,PLC,0,,,,,,,Ontario,https://www.noscommunes.ca/Content/Parliamentarians/Images/OfficialMPPhotos/44/KayabagaArielle_Lib.jpg
Arif Virani,H,PLC,0,,,,,,,Ontario,https://www.noscommunes.ca/Content/Parliamentarians/Images/OfficialMPPhotos/44/ViraniArif_Lib.jpg
Arnold Chan,H,PLC,0,,,,,,,Ontario,https://www.noscommunes.ca/Content/Parliamentarians/Images/OfficialMPPhotos/42/ChanArnold_Lib.jpg
Arnold Viersen,H,PCC,0,,,,,,,Alberta,https://www.noscommunes.ca/Content/Parliamentarians/Images/OfficialMPPhotos/44/ViersenArnold_CPC.jpg
Bardish Chagger,F,PLC,0,,,,,,,Ontario,https://www.noscommunes.ca/Content/Parliamentarians/Images/OfficialMPPhotos/44/ChaggerBardish_Lib.jpg
Ben Lobb,H,PCC,0,,,,,,,Ontario,https://www.noscommunes.ca/Content/Parliamentarians/Images/OfficialMPPhotos/44/LobbBen_CPC.jpg
Bernadette Jordan,F,PLC,0,,,,,,,Nouvelle-Écosse,https://www.noscommunes.ca/Content/Parliamentarians/Images/OfficialMPPhotos/43/JordanBernadette_Lib.jpg
Bernard Généreux,H,PCC,0,,,,,,,Québec,https://www.noscommunes.ca/Content/Parliamentarians/Images/OfficialMPPhotos/44/GénéreuxBernard_CPC.jpg
Bev Shipley,H,PCC,0,,,,,,,Ontario,https://www.noscommunes.ca/Content/Parliamentarians/Images/OfficialMPPhotos/42/ShipleyBev_CPC.jpg
Bill Blair,H,PLC,0,,,,,,,Ontario,https://www.noscommunes.ca/Content/Parliamentarians/Images/OfficialMPPhotos/44/BlairBill_Lib.jpg
Bill Casey,H,PLC,0,,,,,,,Nouvelle-Écosse,https://www.noscommunes.ca/Content/Parliamentarians/Images/OfficialMPPhotos/42/CaseyBill_Lib.jpg
Bill Morneau,H,PLC,0,,,,,,,Ontario,https://www.noscommunes.ca/Content/Parliamentarians/Images/OfficialMPPhotos/43/MorneauBill_Lib.jpg
Blaine Calkins,H,PCC,0,,,,,,,Alberta,https://www.noscommunes.ca/Content/Parliamentarians/Images/OfficialMPPhotos/44/CalkinsBlaine_CPC.jpg
Blake Desjarlais,H,NPD,0,,,,,,,Alberta,https://www.noscommunes.ca/Content/Parliamentarians/Images/OfficialMPPhotos/44/DesjarlaisBlake_NDP.jpg
Blake Richards,H,PCC,0,,,,,,,Alberta,https://www.noscommunes.ca/Content/Parliamentarians/Images/OfficialMPPhotos/44/RichardsBlake_CPC.jpg
Bob Benzen,H,PCC,0,,,,,,,Alberta,https://www.noscommunes.ca/Content/Parliamentarians/Images/OfficialMPPhotos/44/BenzenBob_CPC.jpg
Bob Bratina,H,PLC,0,,,,,,,Ontario,https://www.noscommunes.ca/Content/Parliamentarians/Images/OfficialMPPhotos/43/BratinaBob_Lib.jpg
Bob Saroya,H,PCC,0,,,,,,,Ontario,https://www.noscommunes.ca/Content/Parliamentarians/Images/OfficialMPPhotos/43/SaroyaBob_CPC.jpg
Bob Zimmer,H,PCC,0,,,,,,,Colombie-Britannique,https://www.noscommunes.ca/Content/Parliamentarians/Images/OfficialMPPhotos/44/ZimmerBob_CPC.jpg
Bonita Zarrillo,F,NPD,0,,,,,,,Colombie-Britannique,https://www.noscommunes.ca/Content/Parliamentarians/Images/OfficialMPPhotos/44/ZarrilloBonita_NDP.jpg
Borys Wrzesnewskyj,H,PLC,0,,,,,,,Ontario,https://www.noscommunes.ca/Content/Parliamentarians/Images/OfficialMPPhotos/42/WrzesnewskyjBorys_Lib.jpg
Brad Redekopp,H,PCC,0,,,,,,,Saskatchewan,https://www.noscommunes.ca/Content/Parliamentarians/Images/OfficialMPPhotos/44/RedekoppBrad_CPC.jpg
Brad Trost,H,PCC,0,,,,,,,Saskatchewan,https://www.noscommunes.ca/Content/Parliamentarians/Images/OfficialMPPhotos/42/TrostBrad_CPC.jpg
Brad Vis,H,PCC,0,,,,,,,Colombie-Britannique,https://www.noscommunes.ca/Content/Parliamentarians/Images/OfficialMPPhotos/44/VisBrad_CPC.jpg
Brenda Shanahan,F,PLC,0,,,,,,,Québec,https://www.noscommunes.ca/Content/Parliamentarians/Images/OfficialMPPhotos/44/ShanahanBrenda_Lib.jpg
Brendan Hanley,H,PLC,0,,,,,,,Yukon,https://www.noscommunes.ca/Content/Parliamentarians/Images/OfficialMPPhotos/44/HanleyBrendan_Lib.jpg
Brian Masse,H,NPD,0,,,,,,,Ontario,https://www.noscommunes.ca/Content/Parliamentarians/Images/OfficialMPPhotos/44/MasseBrian_NDP.jpg
Brigitte Sansoucy,F,NPD,0,,,,,,,Québec,https://www.noscommunes.ca/Content/Parliamentarians/Images/OfficialMPPhotos/42/SansoucyBrigitte_NDP.jpg
Bruce Stanton,H,PCC,0,,,,,,,Ontario,https://www.noscommunes.ca/Content/Parliamentarians/Images/OfficialMPPhotos/43/StantonBruce_CPC.jpg
Bryan May,H,PLC,0,,,,,,,Ontario,https://www.noscommunes.ca/Content/Parliamentarians/Images/OfficialMPPhotos/44/MayBryan_Lib.jpg
Candice Bergen,F,PCC,0,,,,,,,Manitoba,https://www.noscommunes.ca/Content/Parliamentarians/Images/OfficialMPPhotos/44/BergenCandice_CPC.jpg
Carol Hughes,F,NPD,0,,,,,,,Colombie-Britannique,https://www.noscommunes.ca/Content/Parliamentarians/Images/OfficialMPPhotos/44/QualtroughCarla_Lib.jpg
Caroline Desbiens,F,BQ,0,,,,,,,Ontario,https://www.noscommunes.ca/Content/Parliamentarians/Images/OfficialMPPhotos/44/HughesCarol_NDP.jpg
Carolyn Bennett,F,PLC,0,,,,,,,Québec,https://www.noscommunes.ca/Content/Parliamentarians/Images/OfficialMPPhotos/44/DesbiensCaroline_BQ.jpg
Cathay Wagantall,F,PCC,0,,,,,,,Ontario,https://www.noscommunes.ca/Content/Parliamentarians/Images/OfficialMPPhotos/44/BennettCarolyn_Lib.jpg
Catherine McKenna,F,PLC,0,,,,,,,Saskatchewan,https://www.noscommunes.ca/Content/Parliamentarians/Images/OfficialMPPhotos/44/WagantallCathay_CPC.jpg
Cathy McLeod,F,PCC,0,,,,,,,Ontario,https://www.noscommunes.ca/Content/Parliamentarians/Images/OfficialMPPhotos/43/McKennaCatherine_Lib.jpg
Celina Caesar-Chavannes,F,PLC,1,421,397,Ind.,,,,Colombie-Britannique,https://www.noscommunes.ca/Content/Parliamentarians/Images/OfficialMPPhotos/43/McLeodCathy_CPC.jpg
Chad Collins,H,PLC,0,,,,,,,Ontario,https://www.noscommunes.ca/Content/Parliamentarians/Images/OfficialMPPhotos/42/CaesarChavannesCelina_Lib.jpg
Chandra Arya,H,PLC,0,,,,,,,Ontario,https://www.noscommunes.ca/Content/Parliamentarians/Images/OfficialMPPhotos/44/CollinsChad_Lib.jpg
Charles Sousa,H,PLC,0,,,,,,,Ontario,https://www.noscommunes.ca/Content/Parliamentarians/Images/OfficialMPPhotos/44/AryaChandra_Lib.jpg
Charlie Angus,H,NPD,0,,,,,,,Ontario,https://www.noscommunes.ca/Content/Parliamentarians/Images/OfficialMPPhotos/44/SousaCharles_Lib.jpg
Cheryl Gallant,F,PCC,0,,,,,,,Ontario,https://www.noscommunes.ca/Content/Parliamentarians/Images/OfficialMPPhotos/44/AngusCharlie_NDP.jpg
Cheryl Hardcastle,F,NPD,0,,,,,,,Ontario,https://www.noscommunes.ca/Content/Parliamentarians/Images/OfficialMPPhotos/44/GallantCheryl_CPC.jpg
Chris Bittle,H,PLC,0,,,,,,,Ontario,https://www.noscommunes.ca/Content/Parliamentarians/Images/OfficialMPPhotos/42/HardcastleCheryl_NDP.jpg
Chris d'Entremont,H,PCC,0,,,,,,,Ontario,https://www.noscommunes.ca/Content/Parliamentarians/Images/OfficialMPPhotos/44/BittleChris_Lib.jpg
Chris d’Entremont,H,PCC,0,,,,,,,Nouvelle-Écosse,https://www.noscommunes.ca/Content/Parliamentarians/Images/OfficialMPPhotos/44/DentremontChris_CPC.jpg
Chris Lewis,H,PCC,0,,,,,,,Ontario,https://www.noscommunes.ca/Content/Parliamentarians/Images/OfficialMPPhotos/44/LewisChris_CPC.jpg
Chris Warkentin,H,PCC,0,,,,,,,Alberta,https://www.noscommunes.ca/Content/Parliamentarians/Images/OfficialMPPhotos/44/WarkentinChris_CPC.jpg
Christine Moore,F,NPD,0,,,,,,,Québec,https://www.noscommunes.ca/Content/Parliamentarians/Images/OfficialMPPhotos/42/MooreChristine_NPD.jpg
Christine Normandin,F,BQ,0,,,,,,,Québec,https://www.noscommunes.ca/Content/Parliamentarians/Images/OfficialMPPhotos/44/NormandinChristine_BQ.jpg
Chrystia Freeland,F,PLC,0,,,,,,,Ontario,https://www.noscommunes.ca/Content/Parliamentarians/Images/OfficialMPPhotos/44/FreelandChrystia_Lib.jpg
Churence Rogers,H,PLC,0,,,,,,,Terre-Neuve-et-Labrador,https://www.noscommunes.ca/Content/Parliamentarians/Images/OfficialMPPhotos/44/RogersChurence_Lib.jpg
Claude DeBellefeuille,F,BQ,0,,,,,,,Québec,https://www.noscommunes.ca/Content/Parliamentarians/Images/OfficialMPPhotos/44/DeBellefeuilleClaude_BQ.jpg
Clifford Small,H,PCC,0,,,,,,,Terre-Neuve-et-Labrador,https://www.noscommunes.ca/Content/Parliamentarians/Images/OfficialMPPhotos/44/SmallClifford_CPC.jpg
Colin Carrie,H,PCC,0,,,,,,,Ontario,https://www.noscommunes.ca/Content/Parliamentarians/Images/OfficialMPPhotos/44/CarrieColin_CPC.jpg
Colin Fraser,H,PLC,0,,,,,,,Nouvelle-Écosse,https://www.noscommunes.ca/Content/Parliamentarians/Images/OfficialMPPhotos/42/FraserColin_Lib.jpg
Corey Tochor,H,PCC,0,,,,,,,Saskatchewan,https://www.noscommunes.ca/Content/Parliamentarians/Images/OfficialMPPhotos/44/TochorCorey_CPC.jpg
Damien Kurek,H,PCC,0,,,,,,,Alberta,https://www.noscommunes.ca/Content/Parliamentarians/Images/OfficialMPPhotos/44/KurekDamien_CPC.jpg
Dan Albas,H,PCC,0,,,,,,,Colombie-Britannique,https://www.noscommunes.ca/Content/Parliamentarians/Images/OfficialMPPhotos/44/AlbasDan_CPC.jpg
Dan Mazier,H,PCC,0,,,,,,,Manitoba,https://www.noscommunes.ca/Content/Parliamentarians/Images/OfficialMPPhotos/44/MazierDan_CPC.jpg
Dan Muys,H,PCC,0,,,,,,,Ontario,https://www.noscommunes.ca/Content/Parliamentarians/Images/OfficialMPPhotos/44/MuysDan_CPC.jpg
Dan Ruimy,H,PLC,0,,,,,,,Colombie-Britannique,https://www.noscommunes.ca/Content/Parliamentarians/Images/OfficialMPPhotos/42/RuimyDan_Lib.jpg
Dan Vandal,H,PLC,0,,,,,,,Manitoba,https://www.noscommunes.ca/Content/Parliamentarians/Images/OfficialMPPhotos/44/VandalDan_Lib.jpg
Dane Lloyd,H,PCC,0,,,,,,,Alberta,https://www.noscommunes.ca/Content/Parliamentarians/Images/OfficialMPPhotos/44/LloydDane_CPC.jpg
Daniel Blaikie,H,NPD,0,,,,,,,Manitoba,https://www.noscommunes.ca/Content/Parliamentarians/Images/OfficialMPPhotos/44/BlaikieDaniel_NDP.jpg
Darrell Samson,H,PLC,0,,,,,,,Nouvelle-Écosse,https://www.noscommunes.ca/Content/Parliamentarians/Images/OfficialMPPhotos/44/SamsonDarrell_Lib.jpg
Darren Fisher,H,PLC,0,,,,,,,Nouvelle-Écosse,https://www.noscommunes.ca/Content/Parliamentarians/Images/OfficialMPPhotos/44/FisherDarren_Lib.jpg
Darshan Singh Kang,H,PLC,1,421,267,Ind.,,,,Alberta,https://www.noscommunes.ca/Content/Parliamentarians/Images/OfficialMPPhotos/42/KangDarshanSingh_Lib.jpg
Dave Epp,H,PCC,0,,,,,,,Ontario,https://www.noscommunes.ca/Content/Parliamentarians/Images/OfficialMPPhotos/44/EppDave_CPC.jpg
Dave MacKenzie,H,PCC,0,,,,,,,Ontario,https://www.noscommunes.ca/Content/Parliamentarians/Images/OfficialMPPhotos/44/MacKenzieDavid_CPC.jpg
Dave Van Kesteren,H,PCC,0,,,,,,,Ontario,https://www.noscommunes.ca/Content/Parliamentarians/Images/OfficialMPPhotos/42/VanKesterenDave_CPC.jpg
David Anderson,H,PCC,0,,,,,,,Saskatchewan,https://www.noscommunes.ca/Content/Parliamentarians/Images/OfficialMPPhotos/42/AndersonDavid_CPC.jpg
David Christopherson,H,NPD,0,,,,,,,Ontario,https://www.noscommunes.ca/Content/Parliamentarians/Images/OfficialMPPhotos/42/ChristophersonDavid_NDP.jpg
David de Burgh Graham,H,PLC,0,,,,,,,Québec,https://www.noscommunes.ca/Content/Parliamentarians/Images/OfficialMPPhotos/42/GrahamDavid_Lib.jpg
David Graham,H,PLC,0,,,,,,,Québec,https://www.noscommunes.ca/Content/Parliamentarians/Images/OfficialMPPhotos/42/GrahamDavid_Lib.jpg
David Lametti,H,PLC,0,,,,,,,Québec,https://www.noscommunes.ca/Content/Parliamentarians/Images/OfficialMPPhotos/44/LamettiDavid_Lib.jpg
David McGuinty,H,PLC,0,,,,,,,Ontario,https://www.noscommunes.ca/Content/Parliamentarians/Images/OfficialMPPhotos/44/McGuintyDavidJ._Lib.jpg
David Sweet,H,PCC,0,,,,,,,Ontario,https://www.noscommunes.ca/Content/Parliamentarians/Images/OfficialMPPhotos/43/SweetDavid_CPC.jpg
David Tilson,H,PCC,0,,,,,,,Ontario,https://www.noscommunes.ca/Content/Parliamentarians/Images/OfficialMPPhotos/42/TilsonDavid_CPC.jpg
David Yurdiga,H,PCC,0,,,,,,,Alberta,https://www.noscommunes.ca/Content/Parliamentarians/Images/OfficialMPPhotos/43/YurdigaDavid_CPC.jpg
Dean Allison,H,PCC,0,,,,,,,Ontario,https://www.noscommunes.ca/Content/Parliamentarians/Images/OfficialMPPhotos/44/AllisonDean_CPC.jpg
Deb Schulte,F,PLC,0,,,,,,,Ontario,https://www.noscommunes.ca/Content/Parliamentarians/Images/OfficialMPPhotos/43/SchulteDeb_Lib.jpg
Deborah Schulte,F,PLC,0,,,,,,,Ontario,https://www.noscommunes.ca/Content/Parliamentarians/Images/OfficialMPPhotos/43/SchulteDeb_Lib.jpg
Deepak Obhrai,H,PCC,0,,,,,,,Alberta,https://www.noscommunes.ca/Content/Parliamentarians/Images/OfficialMPPhotos/42/ObhraiDeepak_CPC.jpg
Denis Lebel,H,PCC,0,,,,,,,Québec,https://www.noscommunes.ca/Content/Parliamentarians/Images/OfficialMPPhotos/42/LebelDenis_CPC.jpg
Denis Lemieux,H,PLC,0,,,,,,,Québec,https://www.noscommunes.ca/Content/Parliamentarians/Images/OfficialMPPhotos/42/LemieuxDenis_Lib.jpg
Denis Paradis,H,PLC,0,,,,,,,Québec,https://www.noscommunes.ca/Content/Parliamentarians/Images/OfficialMPPhotos/42/ParadisDenis_Lib.jpg
Denis Trudel,H,BQ,0,,,,,,,Québec,https://www.noscommunes.ca/Content/Parliamentarians/Images/OfficialMPPhotos/44/TrudelDenis_BQ.jpg
Derek Sloan,H,PCC,1,432,49,Ind.,,,,Ontario,https://www.noscommunes.ca/Content/Parliamentarians/Images/OfficialMPPhotos/43/SloanDerek_CPC.jpg
Diane Finley,F,PCC,0,,,,,,,Ontario,https://www.noscommunes.ca/Content/Parliamentarians/Images/OfficialMPPhotos/43/FinleyDiane_CPC.jpg
Diane Lebouthillier,F,PLC,0,,,,,,,Québec,https://www.noscommunes.ca/Content/Parliamentarians/Images/OfficialMPPhotos/44/LebouthillierDiane_Lib.jpg
Dianne L. Watts,F,PCC,0,,,,,,,Colombie-Britannique,https://www.noscommunes.ca/Content/Parliamentarians/Images/OfficialMPPhotos/42/WattsDianneLynn_CPC.jpg
Dianne Watts,F,PCC,0,,,,,,,Colombie-Britannique,https://www.noscommunes.ca/Content/Parliamentarians/Images/OfficialMPPhotos/42/WattsDianneLynn_CPC.jpg
Dominic LeBlanc,H,PLC,0,,,,,,,Nouveau-Brunswick,https://www.noscommunes.ca/Content/Parliamentarians/Images/OfficialMPPhotos/44/LeblancDominic_Lib.jpg
Dominique Vien,F,PCC,0,,,,,,,Québec,https://www.noscommunes.ca/Content/Parliamentarians/Images/OfficialMPPhotos/44/VienDominique_CPC.jpg
Don Davies,H,NPD,0,,,,,,,Colombie-Britannique,https://www.noscommunes.ca/Content/Parliamentarians/Images/OfficialMPPhotos/44/DaviesDon_NDP.jpg
Don Rusnak,H,PLC,0,,,,,,,Ontario,https://www.noscommunes.ca/Content/Parliamentarians/Images/OfficialMPPhotos/42/RusnakDon_Lib.jpg
Doug Eyolfson,H,PLC,0,,,,,,,Manitoba,https://www.noscommunes.ca/Content/Parliamentarians/Images/OfficialMPPhotos/42/EyolfsonDoug_Lib.jpg
Doug Shipley,H,PCC,0,,,,,,,Ontario,https://www.noscommunes.ca/Content/Parliamentarians/Images/OfficialMPPhotos/44/ShipleyDoug_CPC.jpg
Earl Dreeshen,H,PCC,0,,,,,,,Alberta,https://www.noscommunes.ca/Content/Parliamentarians/Images/OfficialMPPhotos/44/DreeshenEarl_CPC.jpg
Ed Fast,H,PCC,0,,,,,,,Colombie-Britannique,https://www.noscommunes.ca/Content/Parliamentarians/Images/OfficialMPPhotos/44/FastEd_CPC.jpg
Élisabeth Brière,F,PLC,0,,,,,,,Québec,https://www.noscommunes.ca/Content/Parliamentarians/Images/OfficialMPPhotos/44/BrièreÉlisabeth_Lib.jpg
Elizabeth May,F,PV,0,,,,,,,Colombie-Britannique,https://www.noscommunes.ca/Content/Parliamentarians/Images/OfficialMPPhotos/44/MayElizabeth_GP.jpg
Emmanuel Dubourg,H,PLC,0,,,,,,,Québec,https://www.noscommunes.ca/Content/Parliamentarians/Images/OfficialMPPhotos/44/DubourgEmmanuel_Lib.jpg
Emmanuella Lambropoulos,F,PLC,0,,,,,,,Québec,https://www.noscommunes.ca/Content/Parliamentarians/Images/OfficialMPPhotos/44/LambropoulosEmmanuella_Lib.jpg
Eric Duncan,H,PCC,0,,,,,,,Ontario,https://www.noscommunes.ca/Content/Parliamentarians/Images/OfficialMPPhotos/44/DuncanEric_CPC.jpg
Eric Melillo,H,PCC,0,,,,,,,Ontario,https://www.noscommunes.ca/Content/Parliamentarians/Images/OfficialMPPhotos/44/MelilloEric_CPC.jpg
Erin O'Toole,H,PCC,0,,,,,,,Ontario,https://www.noscommunes.ca/Content/Parliamentarians/Images/OfficialMPPhotos/44/OTooleErin_CPC.jpg
Erin Weir,H,NPD,2,421,294,Ind.,421,298,FCC,Saskatchewan,https://www.noscommunes.ca/Content/Parliamentarians/Images/OfficialMPPhotos/42/WeirErin_NDP.jpg
Eva Nassif,F,PLC,0,,,,,,,Québec,https://www.noscommunes.ca/Content/Parliamentarians/Images/OfficialMPPhotos/42/NassifEva_Lib.jpg
Fayçal El-Khoury,H,PLC,0,,,,,,,Québec,https://www.noscommunes.ca/Content/Parliamentarians/Images/OfficialMPPhotos/44/ElKhouryFayçal_Lib.jpg
Filomena Tassi,F,PLC,0,,,,,,,Ontario,https://www.noscommunes.ca/Content/Parliamentarians/Images/OfficialMPPhotos/44/TassiFilomena_Lib.jpg
Fin Donnelly,H,NPD,0,,,,,,,Colombie-Britannique,https://www.noscommunes.ca/Content/Parliamentarians/Images/OfficialMPPhotos/42/DonnellyFin_NDP.jpg
Francesco Sorbara,H,PLC,0,,,,,,,Ontario,https://www.noscommunes.ca/Content/Parliamentarians/Images/OfficialMPPhotos/44/SorbaraFrancesco_Lib.jpg
Francis Drouin,H,PLC,0,,,,,,,Ontario,https://www.noscommunes.ca/Content/Parliamentarians/Images/OfficialMPPhotos/44/DrouinFrancis_Lib.jpg
Francis Scarpaleggia,H,PLC,0,,,,,,,Québec,https://www.noscommunes.ca/Content/Parliamentarians/Images/OfficialMPPhotos/44/ScarpaleggiaFrancis_Lib.jpg
François Choquette,H,NPD,0,,,,,,,Québec,https://www.noscommunes.ca/Content/Parliamentarians/Images/OfficialMPPhotos/42/ChoquetteFrançois_NDP.jpg
François-Philippe Champagne,H,PLC,0,,,,,,,Québec,https://www.noscommunes.ca/Content/Parliamentarians/Images/OfficialMPPhotos/44/ChampagneFrancoisPhilippe_Lib.jpg
Frank Baylis,H,PLC,0,,,,,,,Québec,https://www.noscommunes.ca/Content/Parliamentarians/Images/OfficialMPPhotos/42/BaylisFrank_Lib.jpg
Frank Caputo,H,PCC,0,,,,,,,Colombie-Britannique,https://www.noscommunes.ca/Content/Parliamentarians/Images/OfficialMPPhotos/44/CaputoFrank_CPC.jpg
Fraser Tolmie,H,PCC,0,,,,,,,Saskatchewan,https://www.noscommunes.ca/Content/Parliamentarians/Images/OfficialMPPhotos/44/TolmieFraser_CPC.jpg
Gabriel Ste-Marie,H,BQ,0,,,,,,,Québec,https://www.noscommunes.ca/Content/Parliamentarians/Images/OfficialMPPhotos/44/SteMarieGabriel_BQ.jpg
Gagan Sikand,H,PLC,0,,,,,,,Ontario,https://www.noscommunes.ca/Content/Parliamentarians/Images/OfficialMPPhotos/43/SikandGagan_Lib.jpg
Garnett Genuis,H,PCC,0,,,,,,,Alberta,https://www.noscommunes.ca/Content/Parliamentarians/Images/OfficialMPPhotos/44/GenuisGarnett_CPC.jpg
Gary Anandasangaree,H,PLC,0,,,,,,,Ontario,https://www.noscommunes.ca/Content/Parliamentarians/Images/OfficialMPPhotos/44/AnandasangareeGary_Lib.jpg
Gary Vidal,H,PCC,0,,,,,,,Saskatchewan,https://www.noscommunes.ca/Content/Parliamentarians/Images/OfficialMPPhotos/44/VidalGary_CPC.jpg
Geng Tan,H,PLC,0,,,,,,,Ontario,https://www.noscommunes.ca/Content/Parliamentarians/Images/OfficialMPPhotos/42/TanGeng_Lib.jpg
Geoff Regan,H,PLC,0,,,,,,,Nouvelle-Écosse,https://www.noscommunes.ca/Content/Parliamentarians/Images/OfficialMPPhotos/43/ReganGeoff_Lib.jpg
George Chahal,H,PLC,0,,,,,,,Alberta,https://www.noscommunes.ca/Content/Parliamentarians/Images/OfficialMPPhotos/44/ChahalGeorge_Lib.jpg
Georgina Jolibois,F,NPD,0,,,,,,,Saskatchewan,https://www.noscommunes.ca/Content/Parliamentarians/Images/OfficialMPPhotos/42/JoliboisGeorgina_NDP.jpg
Gerald Soroka,H,PCC,0,,,,,,,Alberta,https://www.noscommunes.ca/Content/Parliamentarians/Images/OfficialMPPhotos/44/SorokaGerald_CPC.jpg
Gérard Deltell,H,PCC,0,,,,,,,Québec,https://www.noscommunes.ca/Content/Parliamentarians/Images/OfficialMPPhotos/44/DeltellGérard_CPC.jpg
Gerry Ritz,H,PCC,0,,,,,,,Saskatchewan,https://www.noscommunes.ca/Content/Parliamentarians/Images/OfficialMPPhotos/42/RitzGerry_CPC.jpg
Ginette Petitpas Taylor,F,PLC,0,,,,,,,Nouveau-Brunswick,https://www.noscommunes.ca/Content/Parliamentarians/Images/OfficialMPPhotos/44/PetitpasTaylorGinette_Lib.jpg
Glen Motz,H,PCC,0,,,,,,,Alberta,https://www.noscommunes.ca/Content/Parliamentarians/Images/OfficialMPPhotos/44/MotzGlen_CPC.jpg
Gord Johns,H,NPD,0,,,,,,,Colombie-Britannique,https://www.noscommunes.ca/Content/Parliamentarians/Images/OfficialMPPhotos/44/JohnsGord_NDP.jpg
Gordie Hogg,H,PLC,0,,,,,,,Colombie-Britannique,https://www.noscommunes.ca/Content/Parliamentarians/Images/OfficialMPPhotos/42/HoggGordie_Lib.jpg
Gordon Brown,H,PCC,0,,,,,,,Ontario,https://www.noscommunes.ca/Content/Parliamentarians/Images/OfficialMPPhotos/42/BrownGordon_CPC.jpg
Greg Fergus,H,PLC,0,,,,,,,Québec,https://www.noscommunes.ca/Content/Parliamentarians/Images/OfficialMPPhotos/44/FergusGreg_Lib.jpg
Greg McLean,H,PCC,0,,,,,,,Alberta,https://www.noscommunes.ca/Content/Parliamentarians/Images/OfficialMPPhotos/44/McLeanGreg_CPC.jpg
Gudie Hutchings,F,PLC,0,,,,,,,Terre-Neuve-et-Labrador,https://www.noscommunes.ca/Content/Parliamentarians/Images/OfficialMPPhotos/44/HutchingsGudie_Lib.jpg
Guy Caron,H,NPD,0,,,,,,,Québec,https://www.noscommunes.ca/Content/Parliamentarians/Images/OfficialMPPhotos/42/CaronGuy_NDP.jpg
Guy Lauzon,H,PCC,0,,,,,,,Ontario,https://www.noscommunes.ca/Content/Parliamentarians/Images/OfficialMPPhotos/42/LauzonGuy_CPC.jpg
Han Dong,H,PLC,0,,,,,,,Ontario,https://www.noscommunes.ca/Content/Parliamentarians/Images/OfficialMPPhotos/44/DongHan_Lib.jpg
Harjit S. Sajjan,H,PLC,0,,,,,,,Colombie-Britannique,https://www.noscommunes.ca/Content/Parliamentarians/Images/OfficialMPPhotos/44/SajjanHarjit_Lib.jpg
Harold Albrecht,H,PCC,0,,,,,,,Ontario,https://www.noscommunes.ca/Content/Parliamentarians/Images/OfficialMPPhotos/42/AlbrechtHarold_CPC.jpg
Heath MacDonald,H,PLC,0,,,,,,,Île-du-Prince-Édouard,https://www.noscommunes.ca/Content/Parliamentarians/Images/OfficialMPPhotos/44/MacDonaldHeath_CPC.jpg
Heather McPherson,F,NPD,0,,,,,,,Alberta,https://www.noscommunes.ca/Content/Parliamentarians/Images/OfficialMPPhotos/44/McPhersonHeather_NDP.jpg
Hedy Fry,F,PLC,0,,,,,,,Colombie-Britannique,https://www.noscommunes.ca/Content/Parliamentarians/Images/OfficialMPPhotos/44/FryHedy_Lib.jpg
Helena Jaczek,F,PLC,0,,,,,,,Ontario,https://www.noscommunes.ca/Content/Parliamentarians/Images/OfficialMPPhotos/44/JaczekHelena_Lib.jpg
Hélène Laverdière,F,NPD,0,,,,,,,Québec,https://www.noscommunes.ca/Content/Parliamentarians/Images/OfficialMPPhotos/42/LaverdièreHélène_NDP.jpg
Hunter Tootoo,H,PLC,1,421,12,Ind.,,,,Nunavut,https://www.noscommunes.ca/Content/Parliamentarians/Images/OfficialMPPhotos/42/TootooHunter_Lib.jpg
Iqra Khalid,F,PLC,0,,,,,,,Ontario,https://www.noscommunes.ca/Content/Parliamentarians/Images/OfficialMPPhotos/44/KhalidIqra_Lib.jpg
Iqwinder Gaheer,H,PLC,0,,,,,,,Ontario,https://www.noscommunes.ca/Content/Parliamentarians/Images/OfficialMPPhotos/44/GaheerIqwinder_Lib.jpg
Irek Kusmierczyk,H,PLC,0,,,,,,,Ontario,https://www.noscommunes.ca/Content/Parliamentarians/Images/OfficialMPPhotos/44/KusmierczykIrek_Lib.jpg
Irene Mathyssen,F,NPD,0,,,,,,,Ontario,https://www.noscommunes.ca/Content/Parliamentarians/Images/OfficialMPPhotos/42/MathyssenIrene_NDP.jpg
Jack Harris,H,NPD,0,,,,,,,Terre-Neuve-et-Labrador,https://www.noscommunes.ca/Content/Parliamentarians/Images/OfficialMPPhotos/43/HarrisJack_NDP.jpg
Jacques Gourde,H,PCC,0,,,,,,,Québec,https://www.noscommunes.ca/Content/Parliamentarians/Images/OfficialMPPhotos/44/GourdeJacques_CPC.jpg
Jag Sahota,F,PCC,0,,,,,,,Alberta,https://www.noscommunes.ca/Content/Parliamentarians/Images/OfficialMPPhotos/43/SahotaJag_CPC.jpg
Jagmeet,H,NPD,0,,,,,,,Colombie-Britannique,https://www.noscommunes.ca/Content/Parliamentarians/Images/OfficialMPPhotos/44/SinghJagmeet_NDP.jpg
Jagmeet Singh,H,NPD,0,,,,,,,Colombie-Britannique,https://www.noscommunes.ca/Content/Parliamentarians/Images/OfficialMPPhotos/44/SinghJagmeet_NDP.jpg
Jaime Battiste,H,PLC,0,,,,,,,Nouvelle-Écosse,https://www.noscommunes.ca/Content/Parliamentarians/Images/OfficialMPPhotos/44/BattisteJaime_Lib.jpg
Jake Stewart,H,PCC,0,,,,,,,Nouveau-Brunswick,https://www.noscommunes.ca/Content/Parliamentarians/Images/OfficialMPPhotos/44/StewartJake_CPC.jpg
James Bezan,H,PCC,0,,,,,,,Manitoba,https://www.noscommunes.ca/Content/Parliamentarians/Images/OfficialMPPhotos/44/BezanJames_CPC.jpg
James Cumming,H,PCC,0,,,,,,,Alberta,https://www.noscommunes.ca/Content/Parliamentarians/Images/OfficialMPPhotos/43/CummingJames_CPC.jpg
James Maloney,H,PLC,0,,,,,,,Ontario,https://www.noscommunes.ca/Content/Parliamentarians/Images/OfficialMPPhotos/44/MaloneyJames_Lib.jpg
Jamie Schmale,H,PCC,0,,,,,,,Ontario,https://www.noscommunes.ca/Content/Parliamentarians/Images/OfficialMPPhotos/44/SchmaleJamie_CPC.jpg
Jane Philpott,F,PLC,1,421,401,Ind.,,,,Ontario,https://www.noscommunes.ca/Content/Parliamentarians/Images/OfficialMPPhotos/42/PhilpottJane_Lib.jpg
Jason Kenney,H,PCC,0,,,,,,,Alberta,https://www.noscommunes.ca/Content/Parliamentarians/Images/OfficialMPPhotos/42/KenneyJason_CPC.jpg
Jasraj Singh Hallan,H,PCC,0,,,,,,,Alberta,https://www.noscommunes.ca/Content/Parliamentarians/Images/OfficialMPPhotos/44/HallanJasrajSingh_CPC.jpg
Jati Sidhu,H,PLC,0,,,,,,,Colombie-Britannique,https://www.noscommunes.ca/Content/Parliamentarians/Images/OfficialMPPhotos/42/SidhuJati_Lib.jpg
Jean Rioux,H,PLC,0,,,,,,,Québec,https://www.noscommunes.ca/Content/Parliamentarians/Images/OfficialMPPhotos/42/RiouxJean_Lib.jpg
Jean Yip,F,PLC,0,,,,,,,Ontario,https://www.noscommunes.ca/Content/Parliamentarians/Images/OfficialMPPhotos/44/YipJean_Lib.jpg
Jean-Claude Poissant,H,PLC,0,,,,,,,Québec,https://www.noscommunes.ca/Content/Parliamentarians/Images/OfficialMPPhotos/42/PoissantJeanClaude_Lib.jpg
Jean-Denis Garon,H,BQ,0,,,,,,,Québec,https://www.noscommunes.ca/Content/Parliamentarians/Images/OfficialMPPhotos/44/GaronJeanDenis_BQ.jpg
Jean-Yves Duclos,H,PLC,0,,,,,,,Québec,https://www.noscommunes.ca/Content/Parliamentarians/Images/OfficialMPPhotos/44/DuclosJeanYves_Lib.jpg
Jenica Atwin,F,PLC,0,,,,,,,Nouveau-Brunswick,https://www.noscommunes.ca/Content/Parliamentarians/Images/OfficialMPPhotos/44/AtwinJenica_Lib.jpg
Jenna Sudds,F,PLC,0,,,,,,,Ontario,https://www.noscommunes.ca/Content/Parliamentarians/Images/OfficialMPPhotos/44/SuddsJenna_Lib.jpg
Jennifer O'Connell,F,PLC,0,,,,,,,Ontario,https://www.noscommunes.ca/Content/Parliamentarians/Images/OfficialMPPhotos/44/OConnellJennifer_Lib.jpg
Jennifer O’Connell,F,PLC,0,,,,,,,Ontario,https://www.noscommunes.ca/Content/Parliamentarians/Images/OfficialMPPhotos/44/OConnellJennifer_Lib.jpg
Jenny Kwan,F,NPD,0,,,,,,,Colombie-Britannique,https://www.noscommunes.ca/Content/Parliamentarians/Images/OfficialMPPhotos/44/KwanJenny_NDP.jpg
Jeremy Patzer,H,PCC,0,,,,,,,Saskatchewan,https://www.noscommunes.ca/Content/Parliamentarians/Images/OfficialMPPhotos/44/PatzerJeremy_CPC.jpg
Jim Carr,H,PLC,0,,,,,,,Manitoba,https://www.noscommunes.ca/Content/Parliamentarians/Images/OfficialMPPhotos/44/CarrJim_Lib.jpg
Jim Eglinski,H,PCC,0,,,,,,,Alberta,https://www.noscommunes.ca/Content/Parliamentarians/Images/OfficialMPPhotos/42/EglinskiJim_CPC.jpg
Jim Hillyer,H,PCC,0,,,,,,,Alberta,https://www.noscommunes.ca/Content/Parliamentarians/Images/OfficialMPPhotos/42/HillyerJim_CPC.jpg
Joanne Thompson,F,PLC,0,,,,,,,Terre-Neuve-et-Labrador,https://www.noscommunes.ca/Content/Parliamentarians/Images/OfficialMPPhotos/44/ThompsonJoanne_Lib.jpg
Jody Wilson-Raybould,F,PLC,1,421,401,Ind.,,,,Colombie-Britannique,https://www.noscommunes.ca/Content/Parliamentarians/Images/OfficialMPPhotos/43/WilsonRaybouldJody_Ind.jpg
Joe Peschisolido,H,PLC,0,,,,,,,Colombie-Britannique,https://www.noscommunes.ca/Content/Parliamentarians/Images/OfficialMPPhotos/42/PeschisolidoJoe_Lib.jpg
Joël Godin,H,PCC,0,,,,,,,Québec,https://www.noscommunes.ca/Content/Parliamentarians/Images/OfficialMPPhotos/44/GodinJoël_CPC.jpg
Joël Lightbound,H,PLC,0,,,,,,,Québec,https://www.noscommunes.ca/Content/Parliamentarians/Images/OfficialMPPhotos/44/LightboundJoël_Lib.jpg
John Aldag,H,PLC,0,,,,,,,Colombie-Britannique,https://www.noscommunes.ca/Content/Parliamentarians/Images/OfficialMPPhotos/44/AldagJohn_Lib.jpg
John Barlow,H,PCC,0,,,,,,,Alberta,https://www.noscommunes.ca/Content/Parliamentarians/Images/OfficialMPPhotos/44/BarlowJohn_CPC.jpg
John Brassard,H,PCC,0,,,,,,,Ontario,https://www.noscommunes.ca/Content/Parliamentarians/Images/OfficialMPPhotos/44/BrassardJohn_CPC.jpg
John McCallum,H,PLC,0,,,,,,,Ontario,https://www.noscommunes.ca/Content/Parliamentarians/Images/OfficialMPPhotos/42/McCallumJohn_LIB.jpg
John McKay,H,PLC,0,,,,,,,Ontario,https://www.noscommunes.ca/Content/Parliamentarians/Images/OfficialMPPhotos/44/McKayJohn_Lib.jpg
John Nater,H,PCC,0,,,,,,,Ontario,https://www.noscommunes.ca/Content/Parliamentarians/Images/OfficialMPPhotos/44/NaterJohn_CPC.jpg
John Oliver,H,PLC,0,,,,,,,Ontario,https://www.noscommunes.ca/Content/Parliamentarians/Images/OfficialMPPhotos/42/OliverJohn_Lib.jpg
John Williamson,H,PCC,0,,,,,,,Nouveau-Brunswick,https://www.noscommunes.ca/Content/Parliamentarians/Images/OfficialMPPhotos/44/WilliamsonJohn_CPC.jpg
Jonathan Wilkinson,H,PLC,0,,,,,,,Colombie-Britannique,https://www.noscommunes.ca/Content/Parliamentarians/Images/OfficialMPPhotos/44/WilkinsonJonathan_Lib.jpg
Joyce Murray,F,PLC,0,,,,,,,Colombie-Britannique,https://www.noscommunes.ca/Content/Parliamentarians/Images/OfficialMPPhotos/44/MurrayJoyce_Lib.jpg
Judy A. Sgro,F,PLC,0,,,,,,,Ontario,https://www.noscommunes.ca/Content/Parliamentarians/Images/OfficialMPPhotos/44/SgroJudyA_Lib.jpg
Judy Foote,F,PLC,0,,,,,,,Terre-Neuve-et-Labrador,https://www.noscommunes.ca/Content/Parliamentarians/Images/OfficialMPPhotos/42/FooteJudy_Lib.jpg
Judy Sgro,F,PLC,0,,,,,,,Ontario,https://www.noscommunes.ca/Content/Parliamentarians/Images/OfficialMPPhotos/44/SgroJudyA_Lib.jpg
Julie Dabrusin,F,PLC,0,,,,,,,Ontario,https://www.noscommunes.ca/Content/Parliamentarians/Images/OfficialMPPhotos/44/DabrusinJulie_Lib.jpg
Julie Dzerowicz,F,PLC,0,,,,,,,Ontario,https://www.noscommunes.ca/Content/Parliamentarians/Images/OfficialMPPhotos/44/DzerowiczJulie_Lib.jpg
Julie Vignola,F,BQ,0,,,,,,,Québec,https://www.noscommunes.ca/Content/Parliamentarians/Images/OfficialMPPhotos/44/VignolaJulie_BQ.jpg
Justin Trudeau,H,PLC,0,,,,,,,Québec,https://www.noscommunes.ca/Content/Parliamentarians/Images/OfficialMPPhotos/44/TrudeauJustin_LIB.jpg
K. Kellie Leitch,F,PCC,0,,,,,,,Ontario,https://www.noscommunes.ca/Content/Parliamentarians/Images/OfficialMPPhotos/42/LeitchKKellie_CPC.jpg
Kamal Khera,F,PLC,0,,,,,,,Ontario,https://www.noscommunes.ca/Content/Parliamentarians/Images/OfficialMPPhotos/44/KheraKamal_Lib.jpg
Karen Ludwig,F,PLC,0,,,,,,,Nouveau-Brunswick,https://www.noscommunes.ca/Content/Parliamentarians/Images/OfficialMPPhotos/42/LudwigKaren_Lib.jpg
Karen McCrimmon,F,PLC,0,,,,,,,Ontario,https://www.noscommunes.ca/Content/Parliamentarians/Images/OfficialMPPhotos/43/McCrimmonKaren_Lib.jpg
Karen Vecchio,F,PCC,0,,,,,,,Ontario,https://www.noscommunes.ca/Content/Parliamentarians/Images/OfficialMPPhotos/44/VecchioKaren_CPC.jpg
Karina Gould,F,PLC,0,,,,,,,Ontario,https://www.noscommunes.ca/Content/Parliamentarians/Images/OfficialMPPhotos/44/GouldKarina_Lib.jpg
Karine Trudel,F,NPD,0,,,,,,,Québec,https://www.noscommunes.ca/Content/Parliamentarians/Images/OfficialMPPhotos/42/TrudelKarine_NDP.jpg
Kate Young,F,PLC,0,,,,,,,Ontario,https://www.noscommunes.ca/Content/Parliamentarians/Images/OfficialMPPhotos/43/YoungKate_Lib.jpg
Kelly Block,F,PCC,0,,,,,,,Saskatchewan,https://www.noscommunes.ca/Content/Parliamentarians/Images/OfficialMPPhotos/44/BlockKelly_CPC.jpg
Kelly McCauley,H,PCC,0,,,,,,,Alberta,https://www.noscommunes.ca/Content/Parliamentarians/Images/OfficialMPPhotos/44/McCauleyKelly_CPC.jpg
Ken Hardie,H,PLC,0,,,,,,,Colombie-Britannique,https://www.noscommunes.ca/Content/Parliamentarians/Images/OfficialMPPhotos/44/HardieKen_Lib.jpg
Ken McDonald,H,PLC,0,,,,,,,Terre-Neuve-et-Labrador,https://www.noscommunes.ca/Content/Parliamentarians/Images/OfficialMPPhotos/44/McDonaldKen_Lib.jpg
Kennedy Stewart,H,NPD,0,,,,,,,Colombie-Britannique,https://www.noscommunes.ca/Content/Parliamentarians/Images/OfficialMPPhotos/42/StewartKennedy_NDP.jpg
Kenny Chiu,H,PCC,0,,,,,,,Colombie-Britannique,https://www.noscommunes.ca/Content/Parliamentarians/Images/OfficialMPPhotos/43/ChiuKenny_CPC.jpg
Kent Hehr,H,PLC,0,,,,,,,Alberta,https://www.noscommunes.ca/Content/Parliamentarians/Images/OfficialMPPhotos/42/HehrKent_Lib.jpg
Kerry Diotte,H,PCC,0,,,,,,,Alberta,https://www.noscommunes.ca/Content/Parliamentarians/Images/OfficialMPPhotos/43/DiotteKerry_CPC.jpg
Kerry-Lynne Findlay,F,PCC,0,,,,,,,Colombie-Britannique,https://www.noscommunes.ca/Content/Parliamentarians/Images/OfficialMPPhotos/44/FindlayKerryLynne_CPC.jpg
Kevin Lamoureux,H,PLC,0,,,,,,,Manitoba,https://www.noscommunes.ca/Content/Parliamentarians/Images/OfficialMPPhotos/44/LamoureuxKevin_Lib.jpg
Kevin Sorenson,H,PCC,0,,,,,,,Alberta,https://www.noscommunes.ca/Content/Parliamentarians/Images/OfficialMPPhotos/42/SorensonKevin_CPC.jpg
Kevin Vuong,H,Ind.,0,,,,,,,Ontario,https://www.noscommunes.ca/Content/Parliamentarians/Images/OfficialMPPhotos/44/VuongKevin_Ind.jpg
Kevin Waugh,H,PCC,0,,,,,,,Saskatchewan,https://www.noscommunes.ca/Content/Parliamentarians/Images/OfficialMPPhotos/44/WaughKevin_CPC.jpg
Kim Rudd,F,PLC,0,,,,,,,Ontario,https://www.noscommunes.ca/Content/Parliamentarians/Images/OfficialMPPhotos/42/RuddKim_Lib.jpg
Kirsty Duncan,F,PLC,0,,,,,,,Ontario,https://www.noscommunes.ca/Content/Parliamentarians/Images/OfficialMPPhotos/44/DuncanKirsty_Lib.jpg
Kody Blois,H,PLC,0,,,,,,,Nouvelle-Écosse,https://www.noscommunes.ca/Content/Parliamentarians/Images/OfficialMPPhotos/44/BloisKody_Lib.jpg
Kristina Michaud,F,BQ,0,,,,,,,Québec,https://www.noscommunes.ca/Content/Parliamentarians/Images/OfficialMPPhotos/44/MichaudKristina_BQ.jpg
Kyle Peterson,H,PLC,0,,,,,,,Ontario,https://www.noscommunes.ca/Content/Parliamentarians/Images/OfficialMPPhotos/42/PetersonKyle_Lib.jpg
Kyle Seeback,H,PCC,0,,,,,,,Ontario,https://www.noscommunes.ca/Content/Parliamentarians/Images/OfficialMPPhotos/44/SeebackKyle_CPC.jpg
Laila Goodridge,F,PCC,0,,,,,,,Alberta,https://www.noscommunes.ca/Content/Parliamentarians/Images/OfficialMPPhotos/44/GoodridgeLaila_CPC.jpg
Larry Bagnell,H,PLC,0,,,,,,,Yukon,https://www.noscommunes.ca/Content/Parliamentarians/Images/OfficialMPPhotos/43/BagnellLarry_Lib.jpg
Larry Brock,H,PCC,0,,,,,,,Ontario,https://www.noscommunes.ca/Content/Parliamentarians/Images/OfficialMPPhotos/44/BrockLarry_CPC.jpg
Larry Maguire,H,PCC,0,,,,,,,Manitoba,https://www.noscommunes.ca/Content/Parliamentarians/Images/OfficialMPPhotos/44/MaguireLarry_CPC.jpg
Larry Miller,H,PCC,0,,,,,,,Ontario,https://www.noscommunes.ca/Content/Parliamentarians/Images/OfficialMPPhotos/42/MillerLarry_CPC.jpg
Laurel Collins,F,NPD,0,,,,,,,Colombie-Britannique,https://www.noscommunes.ca/Content/Parliamentarians/Images/OfficialMPPhotos/44/CollinsLaurel_NDP.jpg
Lawrence MacAulay,H,PLC,0,,,,,,,Île-du-Prince-Édouard,https://www.noscommunes.ca/Content/Parliamentarians/Images/OfficialMPPhotos/44/MacAulayLawrence_Lib.jpg
Leah Gazan,F,NPD,0,,,,,,,Manitoba,https://www.noscommunes.ca/Content/Parliamentarians/Images/OfficialMPPhotos/44/GazanLeah_NDP.jpg
Leah Taylor Roy,F,PLC,0,,,,,,,Ontario,https://www.noscommunes.ca/Content/Parliamentarians/Images/OfficialMPPhotos/44/TaylorRoyLeah_Lib.jpg
Len Webber,H,PCC,0,,,,,,,Alberta,https://www.noscommunes.ca/Content/Parliamentarians/Images/OfficialMPPhotos/44/WebberLen_CPC.jpg
Lena Metlege Diab,F,PLC,0,,,,,,,Nouvelle-Écosse,https://www.noscommunes.ca/Content/Parliamentarians/Images/OfficialMPPhotos/44/DiabLenaMetlege_Lib.jpg
Lenore Zann,F,PLC,0,,,,,,,Nouvelle-Écosse,https://www.noscommunes.ca/Content/Parliamentarians/Images/OfficialMPPhotos/43/ZannLenore_Lib.jpg
Leona Alleslev,F,PCC,0,,,,,,,Ontario,https://www.noscommunes.ca/Content/Parliamentarians/Images/OfficialMPPhotos/43/AlleslevLeona_CPC.jpg
Leslyn Lewis,F,PCC,0,,,,,,,Ontario,https://www.noscommunes.ca/Content/Parliamentarians/Images/OfficialMPPhotos/44/LewisLeslyn_CPC.jpg
Lianne Rood,F,PCC,0,,,,,,,Ontario,https://www.noscommunes.ca/Content/Parliamentarians/Images/OfficialMPPhotos/44/RoodLianne_CPC.jpg
Linda Duncan,F,NPD,0,,,,,,,Alberta,https://www.noscommunes.ca/Content/Parliamentarians/Images/OfficialMPPhotos/42/DuncanLinda_NDP.jpg
Linda Lapointe,F,PLC,0,,,,,,,Québec,https://www.noscommunes.ca/Content/Parliamentarians/Images/OfficialMPPhotos/42/LapointeLinda_Lib.jpg
Lindsay Mathyssen,F,NPD,0,,,,,,,Ontario,https://www.noscommunes.ca/Content/Parliamentarians/Images/OfficialMPPhotos/44/MathyssenLindsay_NDP.jpg
Lisa Hepfner,F,PLC,0,,,,,,,Ontario,https://www.noscommunes.ca/Content/Parliamentarians/Images/OfficialMPPhotos/44/HepfnerLisa_Lib.jpg
Lisa Marie Barron,F,NPD,0,,,,,,,Colombie-Britannique,https://www.noscommunes.ca/Content/Parliamentarians/Images/OfficialMPPhotos/44/BarronLisaMarie_NDP.jpg
Lisa Raitt,F,PCC,0,,,,,,,Ontario,https://www.noscommunes.ca/Content/Parliamentarians/Images/OfficialMPPhotos/42/RaittLisa_CPC.jpg
Lloyd Longfield,H,PLC,0,,,,,,,Ontario,https://www.noscommunes.ca/Content/Parliamentarians/Images/OfficialMPPhotos/44/LongfieldLloyd_Lib.jpg
Lori Idlout,F,NPD,0,,,,,,,Nunavut,https://www.noscommunes.ca/Content/Parliamentarians/Images/OfficialMPPhotos/44/IdloutLori_NDP.jpg
Louis Plamondon,H,BQ,0,,,,,,,Québec,https://www.noscommunes.ca/Content/Parliamentarians/Images/OfficialMPPhotos/44/PlamondonLouis_BQ.jpg
Louise Chabot,F,BQ,0,,,,,,,Québec,https://www.noscommunes.ca/Content/Parliamentarians/Images/OfficialMPPhotos/44/ChabotLouise_BQ.jpg
Louise Charbonneau,F,BQ,0,,,,,,,Québec,https://www.noscommunes.ca/Content/Parliamentarians/Images/OfficialMPPhotos/43/CharbonneauLouise_BQ.jpg
Luc Berthold,H,PCC,0,,,,,,,Québec,https://www.noscommunes.ca/Content/Parliamentarians/Images/OfficialMPPhotos/44/BertholdLuc_CPC.jpg
Luc Desilets,H,BQ,0,,,,,,,Québec,https://www.noscommunes.ca/Content/Parliamentarians/Images/OfficialMPPhotos/44/DesiletsLuc_BQ.jpg
Luc Thériault,H,BQ,0,,,,,,,Québec,https://www.noscommunes.ca/Content/Parliamentarians/Images/OfficialMPPhotos/44/ThériaultLuc_BQ.jpg
Lyne Bessette,F,PLC,0,,,,,,,Québec,https://www.noscommunes.ca/Content/Parliamentarians/Images/OfficialMPPhotos/43/BessetteLyne_Lib.jpg
Majid Jowhari,H,PLC,0,,,,,,,Ontario,https://www.noscommunes.ca/Content/Parliamentarians/Images/OfficialMPPhotos/44/JowhariMajid_Lib.jpg
Maninder Sidhu,H,PLC,0,,,,,,,Ontario,https://www.noscommunes.ca/Content/Parliamentarians/Images/OfficialMPPhotos/44/SidhuManinder_Lib.jpg
Marc Dalton,H,PCC,0,,,,,,,Colombie-Britannique,https://www.noscommunes.ca/Content/Parliamentarians/Images/OfficialMPPhotos/44/DaltonMarc_CPC.jpg
Marc Garneau,H,PLC,0,,,,,,,Ontario,https://www.noscommunes.ca/Content/Parliamentarians/Images/OfficialMPPhotos/44/SerréMarc_Lib.jpg
Marc Miller,H,PLC,0,,,,,,,Québec,https://www.noscommunes.ca/Content/Parliamentarians/Images/OfficialMPPhotos/44/GarneauMarc_Lib.jpg
Marc Serré,H,PLC,0,,,,,,,Québec,https://www.noscommunes.ca/Content/Parliamentarians/Images/OfficialMPPhotos/44/MillerMarc_Lib.jpg
Marci Ien,F,PLC,0,,,,,,,Ontario,https://www.noscommunes.ca/Content/Parliamentarians/Images/OfficialMPPhotos/44/IenMarci_Lib.jpg
Marco Mendicino,H,PLC,0,,,,,,,Ontario,https://www.noscommunes.ca/Content/Parliamentarians/Images/OfficialMPPhotos/44/MendicinoMarco_Lib.jpg
Marcus Powlowski,H,PLC,0,,,,,,,Ontario,https://www.noscommunes.ca/Content/Parliamentarians/Images/OfficialMPPhotos/44/PowlowskiMarcus_Lib.jpg
Marie-France Lalonde,F,PLC,0,,,,,,,Québec,https://www.noscommunes.ca/Content/Parliamentarians/Images/OfficialMPPhotos/44/BibeauMarie-Claude_Lib.jpg
Marie-Hélène Gaudreau,F,BQ,0,,,,,,,Ontario,https://www.noscommunes.ca/Content/Parliamentarians/Images/OfficialMPPhotos/44/LalondeMarieFrance_Lib.jpg
Marilène Gill,F,BQ,0,,,,,,,Québec,https://www.noscommunes.ca/Content/Parliamentarians/Images/OfficialMPPhotos/44/GaudreauMarieHélène_BQ.jpg
Marilyn Gladu,F,PCC,0,,,,,,,Québec,https://www.noscommunes.ca/Content/Parliamentarians/Images/OfficialMPPhotos/44/GillMarilène_BQ.jpg
Mario Beaulieu,H,BQ,0,,,,,,,Ontario,https://www.noscommunes.ca/Content/Parliamentarians/Images/OfficialMPPhotos/44/GladuMarilyn_CPC.jpg
Mario Simard,H,BQ,0,,,,,,,Québec,https://www.noscommunes.ca/Content/Parliamentarians/Images/OfficialMPPhotos/44/BeaulieuMario_BQ.jpg
Marjolaine Boutin-Sweet,F,NPD,0,,,,,,,Québec,https://www.noscommunes.ca/Content/Parliamentarians/Images/OfficialMPPhotos/44/SimardMario_BQ.jpg
Mark Eyking,H,PLC,0,,,,,,,Québec,https://www.noscommunes.ca/Content/Parliamentarians/Images/OfficialMPPhotos/42/BoutinSweetMarjolaine_NDP.jpg
Mark Gerretsen,H,PLC,0,,,,,,,Nouvelle-Écosse,https://www.noscommunes.ca/Content/Parliamentarians/Images/OfficialMPPhotos/42/EykingMark_Lib.jpg
Mark Holland,H,PLC,0,,,,,,,Ontario,https://www.noscommunes.ca/Content/Parliamentarians/Images/OfficialMPPhotos/44/GerretsenMark_Lib.jpg
Mark Strahl,H,PCC,0,,,,,,,Ontario,https://www.noscommunes.ca/Content/Parliamentarians/Images/OfficialMPPhotos/44/HollandMark_Lib.jpg
Mark Warawa,H,PCC,0,,,,,,,Colombie-Britannique,https://www.noscommunes.ca/Content/Parliamentarians/Images/OfficialMPPhotos/44/StrahlMark_CPC.jpg
Martin Champoux,H,BQ,0,,,,,,,Colombie-Britannique,https://www.noscommunes.ca/Content/Parliamentarians/Images/OfficialMPPhotos/42/WarawaMark_CPC.jpg
Martin Shields,H,PCC,0,,,,,,,Québec,https://www.noscommunes.ca/Content/Parliamentarians/Images/OfficialMPPhotos/44/ChampouxMartin_BQ.jpg
Marty Morantz,H,PCC,0,,,,,,,Alberta,https://www.noscommunes.ca/Content/Parliamentarians/Images/OfficialMPPhotos/44/ShieldsMartin_CPC.jpg
Marwan Tabbara,H,PLC,1,432,7,Ind.,,,,Manitoba,https://www.noscommunes.ca/Content/Parliamentarians/Images/OfficialMPPhotos/44/MorantzMarty_CPC.jpg
Mary Ng,F,PLC,0,,,,,,,Ontario,https://www.noscommunes.ca/Content/Parliamentarians/Images/OfficialMPPhotos/43/TabbaraMarwan_Lib.jpg
MaryAnn Mihychuk,F,PLC,0,,,,,,,Ontario,https://www.noscommunes.ca/Content/Parliamentarians/Images/OfficialMPPhotos/44/NgMary_Lib.jpg
Matt DeCourcey,H,PLC,0,,,,,,,Ontario,https://www.noscommunes.ca/Content/Parliamentarians/Images/OfficialMPPhotos/43/MonsefMaryam_Lib.jpg
Matt Jeneroux,H,PCC,0,,,,,,,Manitoba,https://www.noscommunes.ca/Content/Parliamentarians/Images/OfficialMPPhotos/42/MihychukMaryAnn_Lib.jpg
Matthew Dubé,H,NPD,0,,,,,,,Nouveau-Brunswick,https://www.noscommunes.ca/Content/Parliamentarians/Images/OfficialMPPhotos/42/DeCourceyMatt_Lib.jpg
Matthew Green,H,NPD,0,,,,,,,Alberta,https://www.noscommunes.ca/Content/Parliamentarians/Images/OfficialMPPhotos/44/JenerouxMatt_CPC.jpg
Mauril Bélanger,H,PLC,0,,,,,,,Québec,https://www.noscommunes.ca/Content/Parliamentarians/Images/OfficialMPPhotos/42/DubéMatthew_NDP.jpg
Maxime Bernier,H,PCC,1,421,327,PPC,,,,Ontario,https://www.noscommunes.ca/Content/Parliamentarians/Images/OfficialMPPhotos/44/GreenMatthew_NDP.jpg
Maxime Blanchette-Joncas,H,BQ,0,,,,,,,Ontario,https://www.noscommunes.ca/Content/Parliamentarians/Images/OfficialMPPhotos/42/BélangerMauril_Lib.jpg
Mel Arnold,H,PCC,0,,,,,,,Québec,https://www.noscommunes.ca/Content/Parliamentarians/Images/OfficialMPPhotos/42/BernierMaxime_CPC.jpg
Mélanie Joly,F,PLC,0,,,,,,,Québec,https://www.noscommunes.ca/Content/Parliamentarians/Images/OfficialMPPhotos/44/Blanchette-JoncasMaxime_BQ.jpg
Melissa Lantsman,F,PCC,0,,,,,,,Colombie-Britannique,https://www.noscommunes.ca/Content/Parliamentarians/Images/OfficialMPPhotos/44/ArnoldMel_CPC.jpg
Michael Barrett,H,PCC,0,,,,,,,Québec,https://www.noscommunes.ca/Content/Parliamentarians/Images/OfficialMPPhotos/44/JolyMélanie_Lib.jpg
Michael Chong,H,PCC,0,,,,,,,Ontario,https://www.noscommunes.ca/Content/Parliamentarians/Images/OfficialMPPhotos/44/LantsmanMelissa_CPC.jpg
Michael Cooper,H,PCC,0,,,,,,,Ontario,https://www.noscommunes.ca/Content/Parliamentarians/Images/OfficialMPPhotos/44/BarrettMichael_CPC.jpg
Michael Coteau,H,PLC,0,,,,,,,Alberta,https://www.noscommunes.ca/Content/Parliamentarians/Images/OfficialMPPhotos/44/CooperMichael_CPC.jpg
Michael Kram,H,PCC,0,,,,,,,Ontario,https://www.noscommunes.ca/Content/Parliamentarians/Images/OfficialMPPhotos/44/CoteauMichael_Lib.jpg
Michael Levitt,H,PLC,0,,,,,,,Ontario,https://www.noscommunes.ca/Content/Parliamentarians/Images/OfficialMPPhotos/44/ChongMichaelD_CPC.jpg
Michael McLeod,H,PLC,0,,,,,,,Saskatchewan,https://www.noscommunes.ca/Content/Parliamentarians/Images/OfficialMPPhotos/44/KramMichael_CPC.jpg
Michel Boudrias,H,BQ,0,,,,,,,Ontario,https://www.noscommunes.ca/Content/Parliamentarians/Images/OfficialMPPhotos/43/LevittMichael_Lib.jpg
Michel Picard,H,PLC,0,,,,,,,Territoires du Nord-Ouest,https://www.noscommunes.ca/Content/Parliamentarians/Images/OfficialMPPhotos/44/McLeodMichaelV_Lib.jpg
Michelle Ferreri,F,PCC,0,,,,,,,Québec,https://www.noscommunes.ca/Content/Parliamentarians/Images/OfficialMPPhotos/43/BoudriasMichel_BQ.jpg
Michelle Rempel,F,PCC,0,,,,,,,Québec,https://www.noscommunes.ca/Content/Parliamentarians/Images/OfficialMPPhotos/42/PicardMichel_Lib.jpg
Michelle Rempel Garner,F,PCC,0,,,,,,,Ontario,https://www.noscommunes.ca/Content/Parliamentarians/Images/OfficialMPPhotos/44/FerreriMichelle_CPC.jpg
Mike Bossio,H,PLC,0,,,,,,,Alberta,https://www.noscommunes.ca/Content/Parliamentarians/Images/OfficialMPPhotos/44/RempelMichelle_CPC.jpg
Mike Kelloway,H,PLC,0,,,,,,,Alberta,https://www.noscommunes.ca/Content/Parliamentarians/Images/OfficialMPPhotos/44/RempelMichelle_CPC.jpg
Mike Lake,H,PCC,0,,,,,,,Ontario,https://www.noscommunes.ca/Content/Parliamentarians/Images/OfficialMPPhotos/42/BossioMike_Lib.jpg
Mike Morrice,H,PV,0,,,,,,,Nouvelle-Écosse,https://www.noscommunes.ca/Content/Parliamentarians/Images/OfficialMPPhotos/44/KellowayMike_Lib.jpg
Mona Fortier,F,PLC,0,,,,,,,Alberta,https://www.noscommunes.ca/Content/Parliamentarians/Images/OfficialMPPhotos/44/LakeMike_CPC.jpg
Mona Fortier ,F,PLC,0,,,,,,,Ontario,https://www.noscommunes.ca/Content/Parliamentarians/Images/OfficialMPPhotos/44/MorriceMike_GP.jpg
Monique Pauzé,F,BQ,0,,,,,,,Ontario,https://www.noscommunes.ca/Content/Parliamentarians/Images/OfficialMPPhotos/44/FortierMona_Lib.jpg
Mumilaaq Qaqqaq,F,NPD,0,,,,,,,Québec,https://www.noscommunes.ca/Content/Parliamentarians/Images/OfficialMPPhotos/44/PauzéMonique_BQ.jpg
Murray Rankin,H,NPD,0,,,,,,,Nunavut,https://www.noscommunes.ca/Content/Parliamentarians/Images/OfficialMPPhotos/43/QaqqaqMumilaaq_NDP.jpg
Nathalie Sinclair-Desgagné,F,BQ,0,,,,,,,Colombie-Britannique,https://www.noscommunes.ca/Content/Parliamentarians/Images/OfficialMPPhotos/42/RankinMurray_NDP.jpg
Nathan Cullen,H,NPD,0,,,,,,,Québec,https://www.noscommunes.ca/Content/Parliamentarians/Images/OfficialMPPhotos/44/SinclairDesgagnéNathalie_BQ.jpg
Nathaniel Erskine-Smith,H,PLC,0,,,,,,,Colombie-Britannique,https://www.noscommunes.ca/Content/Parliamentarians/Images/OfficialMPPhotos/42/CullenNathan_NDP.jpg
Navdeep Bains,H,PLC,0,,,,,,,Ontario,https://www.noscommunes.ca/Content/Parliamentarians/Images/OfficialMPPhotos/44/Erskine-SmithNathaniel_Lib.jpg
Neil Ellis,H,PLC,0,,,,,,,Ontario,https://www.noscommunes.ca/Content/Parliamentarians/Images/OfficialMPPhotos/43/BainsNavdeep_Lib.jpg
Nelly Shin,F,PCC,0,,,,,,,Ontario,https://www.noscommunes.ca/Content/Parliamentarians/Images/OfficialMPPhotos/43/EllisNeil_Lib.jpg
Nick Whalen,H,PLC,0,,,,,,,Colombie-Britannique,https://www.noscommunes.ca/Content/Parliamentarians/Images/OfficialMPPhotos/43/ShinNelly_CPC.jpg
Nicola Di Iorio,H,PLC,0,,,,,,,Terre-Neuve-et-Labrador,https://www.noscommunes.ca/Content/Parliamentarians/Images/OfficialMPPhotos/42/WhalenNick_Lib.jpg
Niki Ashton,F,NPD,0,,,,,,,Québec,https://www.noscommunes.ca/Content/Parliamentarians/Images/OfficialMPPhotos/42/DiIorioNicola_Lib.jpg
Omar Alghabra,H,PLC,0,,,,,,,Manitoba,https://www.noscommunes.ca/Content/Parliamentarians/Images/OfficialMPPhotos/44/AshtonNiki_NDP.jpg
Pablo Rodriguez,H,PLC,0,,,,,,,Ontario,https://www.noscommunes.ca/Content/Parliamentarians/Images/OfficialMPPhotos/44/AlghabraOmar_Lib.jpg
Pam Damoff,F,PLC,0,,,,,,,Québec,https://www.noscommunes.ca/Content/Parliamentarians/Images/OfficialMPPhotos/44/RodriguezPablo_Lib.jpg
Pam Goldsmith-Jones,F,PLC,0,,,,,,,Ontario,https://www.noscommunes.ca/Content/Parliamentarians/Images/OfficialMPPhotos/44/DamoffPam_lib.jpg
Pamela Goldsmith-Jones,F,PLC,0,,,,,,,Colombie-Britannique,https://www.noscommunes.ca/Content/Parliamentarians/Images/OfficialMPPhotos/42/GoldsmithJonesPamela_Lib.jpg
Parm Bains,H,PLC,0,,,,,,,Colombie-Britannique,https://www.noscommunes.ca/Content/Parliamentarians/Images/OfficialMPPhotos/44/BainsParm_Lib.jpg
Pat Finnigan,H,PLC,0,,,,,,,Québec,https://www.noscommunes.ca/Content/Parliamentarians/Images/OfficialMPPhotos/44/StOngePascale_Lib.jpg
Pat Kelly,H,PCC,0,,,,,,,Nouveau-Brunswick,https://www.noscommunes.ca/Content/Parliamentarians/Images/OfficialMPPhotos/43/FinniganPat_Lib.jpg
Patricia Lattanzio,F,PLC,0,,,,,,,Alberta,https://www.noscommunes.ca/Content/Parliamentarians/Images/OfficialMPPhotos/44/KellyPat_CPC.jpg
Patrick Weiler,H,PLC,0,,,,,,,Québec,https://www.noscommunes.ca/Content/Parliamentarians/Images/OfficialMPPhotos/44/LattanzioPatricia_Lib.jpg
Patty Hajdu,F,PLC,0,,,,,,,Colombie-Britannique,https://www.noscommunes.ca/Content/Parliamentarians/Images/OfficialMPPhotos/44/WeilerPatrick_Lib.jpg
Paul Chiang,H,PLC,0,,,,,,,Ontario,https://www.noscommunes.ca/Content/Parliamentarians/Images/OfficialMPPhotos/44/HajduPatty_Lib.jpg
Paul Lefebvre,H,PLC,0,,,,,,,Ontario,https://www.noscommunes.ca/Content/Parliamentarians/Images/OfficialMPPhotos/44/ChiangPaul_Lib.jpg
Paul Manly,H,PV,0,,,,,,,Ontario,https://www.noscommunes.ca/Content/Parliamentarians/Images/OfficialMPPhotos/43/LefebvrePaul_Lib.jpg
Peter Fonseca,H,PLC,0,,,,,,,Colombie-Britannique,https://www.noscommunes.ca/Content/Parliamentarians/Images/OfficialMPPhotos/43/ManlyPaul_GP.jpg
Peter Fragiskatos,H,PLC,0,,,,,,,Ontario,https://www.noscommunes.ca/Content/Parliamentarians/Images/OfficialMPPhotos/44/FonsecaPeter_Lib.jpg
Peter Julian,H,NPD,0,,,,,,,Ontario,https://www.noscommunes.ca/Content/Parliamentarians/Images/OfficialMPPhotos/44/FragiskatosPeter_Lib.jpg
Peter Kent,H,PCC,0,,,,,,,Colombie-Britannique,https://www.noscommunes.ca/Content/Parliamentarians/Images/OfficialMPPhotos/44/JulianPeter_NDP.jpg
Peter Schiefke,H,PLC,0,,,,,,,Ontario,https://www.noscommunes.ca/Content/Parliamentarians/Images/OfficialMPPhotos/43/KentPeter_CPC.jpg
Peter Van Loan,H,PCC,0,,,,,,,Québec,https://www.noscommunes.ca/Content/Parliamentarians/Images/OfficialMPPhotos/44/SchiefkePeter_Lib.jpg
Phil McColeman,H,PCC,0,,,,,,,Ontario,https://www.noscommunes.ca/Content/Parliamentarians/Images/OfficialMPPhotos/42/VanLoanPeter_CPC.jpg
Philip Lawrence,H,PCC,0,,,,,,,Ontario,https://www.noscommunes.ca/Content/Parliamentarians/Images/OfficialMPPhotos/43/McColemanPhil_CPC.jpg
Pierre Breton,H,PLC,0,,,,,,,Ontario,https://www.noscommunes.ca/Content/Parliamentarians/Images/OfficialMPPhotos/44/LawrencePhilip_CPC.jpg
Pierre Nantel,H,NPD,0,,,,,,,Québec,https://www.noscommunes.ca/Content/Parliamentarians/Images/OfficialMPPhotos/42/BretonPierre_Lib.jpg
Pierre Paul-Hus,H,PCC,0,,,,,,,Québec,https://www.noscommunes.ca/Content/Parliamentarians/Images/OfficialMPPhotos/42/NantelPierre_NDP.jpg
Pierre Poilievre,H,PCC,0,,,,,,,Québec,https://www.noscommunes.ca/Content/Parliamentarians/Images/OfficialMPPhotos/44/PaulHusPierre_CPC.jpg
Pierre-Luc Dusseault,H,NPD,0,,,,,,,Ontario,https://www.noscommunes.ca/Content/Parliamentarians/Images/OfficialMPPhotos/44/PoilievrePierre_CPC.jpg
Rachael Harder,F,PCC,0,,,,,,,Québec,https://www.noscommunes.ca/Content/Parliamentarians/Images/OfficialMPPhotos/42/DusseaultPierreLuc_NDP.jpg
Rachael Thomas,F,PCC,0,,,,,,,Alberta,https://www.noscommunes.ca/Content/Parliamentarians/Images/OfficialMPPhotos/44/ThomasRachael_CPC.jpg
Rachel Bendayan,F,PLC,0,,,,,,,Québec,https://www.noscommunes.ca/Content/Parliamentarians/Images/OfficialMPPhotos/44/BendayanRachel_Lib.jpg
Rachel Blaney,F,NPD,0,,,,,,,Colombie-Britannique,https://www.noscommunes.ca/Content/Parliamentarians/Images/OfficialMPPhotos/44/BlaneyRachel_NDP.jpg
Raj Grewal,H,PLC,1,421,386,Ind.,,,,Ontario,https://www.noscommunes.ca/Content/Parliamentarians/Images/OfficialMPPhotos/42/GrewalRaj_Lib.jpg
Raj Saini,H,PLC,0,,,,,,,Ontario,https://www.noscommunes.ca/Content/Parliamentarians/Images/OfficialMPPhotos/43/SainiRaj_Lib.jpg
Ralph Goodale,H,PLC,0,,,,,,,Saskatchewan,https://www.noscommunes.ca/Content/Parliamentarians/Images/OfficialMPPhotos/42/GoodaleRalph_Lib.jpg
Ramesh Sangha,H,PLC,1,432,60,Ind.,,,,Ontario,https://www.noscommunes.ca/Content/Parliamentarians/Images/OfficialMPPhotos/43/SanghaRamesh_Lib.jpg
Ramez Ayoub,H,PLC,0,,,,,,,Québec,https://www.noscommunes.ca/Content/Parliamentarians/Images/OfficialMPPhotos/42/AyoubRamez_Lib.jpg
Randall Garrison,H,NPD,0,,,,,,,Colombie-Britannique,https://www.noscommunes.ca/Content/Parliamentarians/Images/OfficialMPPhotos/44/GarrisonRandall_NDP.jpg
Randeep Sarai,H,PLC,0,,,,,,,Colombie-Britannique,https://www.noscommunes.ca/Content/Parliamentarians/Images/OfficialMPPhotos/44/SaraiRandeep_Lib.jpg
Randy Boissonnault,H,PLC,0,,,,,,,Alberta,https://www.noscommunes.ca/Content/Parliamentarians/Images/OfficialMPPhotos/44/BoissonnaultRandy_Lib.jpg
Randy Hoback,H,PCC,0,,,,,,,Saskatchewan,https://www.noscommunes.ca/Content/Parliamentarians/Images/OfficialMPPhotos/44/HobackRandy_CPC.jpg
Raquel Dancho,F,PCC,0,,,,,,,Manitoba,https://www.noscommunes.ca/Content/Parliamentarians/Images/OfficialMPPhotos/44/DanchoRaquel_CPC.jpg
Rechie Valdez,F,PLC,0,,,,,,,Ontario,https://www.noscommunes.ca/Content/Parliamentarians/Images/OfficialMPPhotos/44/ValdezRechie_Lib.jpg
Rémi Massé,H,PLC,0,,,,,,,Québec,https://www.noscommunes.ca/Content/Parliamentarians/Images/OfficialMPPhotos/42/MasséRémi_Lib.jpg
René Arseneault,H,PLC,0,,,,,,,Nouveau-Brunswick,https://www.noscommunes.ca/Content/Parliamentarians/Images/OfficialMPPhotos/44/ArseneaultRené_Lib.jpg
René Villemure,H,BQ,0,,,,,,,Québec,https://www.noscommunes.ca/Content/Parliamentarians/Images/OfficialMPPhotos/44/VillemureRené_BQ.jpg
Rhéal Éloi Fortin,H,BQ,0,,,,,,,Québec,https://www.noscommunes.ca/Content/Parliamentarians/Images/OfficialMPPhotos/44/FortinRhéal_BQ.jpg
Rhéal Fortin,H,BQ,0,,,,,,,Nouveau-Brunswick,https://www.noscommunes.ca/Content/Parliamentarians/Images/OfficialMPPhotos/44/BragdonRichard_CPC.jpg
Richard Bragdon,H,PCC,0,,,,,,,Colombie-Britannique,https://www.noscommunes.ca/Content/Parliamentarians/Images/OfficialMPPhotos/44/CanningsRichard_NDP.jpg
Richard Cannings,H,NPD,0,,,,,,,Québec,https://www.noscommunes.ca/Content/Parliamentarians/Images/OfficialMPPhotos/42/HébertRichard_Lib.jpg
Richard Hébert,H,PLC,0,,,,,,,Québec,https://www.noscommunes.ca/Content/Parliamentarians/Images/OfficialMPPhotos/44/LehouxRichard_CPC.jpg
Richard Lehoux,H,PCC,0,,,,,,,Québec,https://www.noscommunes.ca/Content/Parliamentarians/Images/OfficialMPPhotos/44/MartelRichard_CPC.jpg
Richard Martel,H,PCC,0,,,,,,,Nouvelle-Écosse,https://www.noscommunes.ca/Content/Parliamentarians/Images/OfficialMPPhotos/44/PerkinsRick_CPC.jpg
Rick Perkins,H,PCC,0,,,,,,,Nouveau-Brunswick,https://www.noscommunes.ca/Content/Parliamentarians/Images/OfficialMPPhotos/44/MooreRob_CPC.jpg
Rob Moore,H,PCC,0,,,,,,,Colombie-Britannique,https://www.noscommunes.ca/Content/Parliamentarians/Images/OfficialMPPhotos/44/MorrisonRob_CPC.jpg
Rob Morrison,H,PCC,0,,,,,,,Ontario,https://www.noscommunes.ca/Content/Parliamentarians/Images/OfficialMPPhotos/42/NicholsonRob_CPC.jpg
Rob Nicholson,H,PCC,0,,,,,,,Québec,https://www.noscommunes.ca/Content/Parliamentarians/Images/OfficialMPPhotos/42/AubinRobert_NDP.jpg
Robert Aubin,H,NPD,0,,,,,,,Ontario,https://www.noscommunes.ca/Content/Parliamentarians/Images/OfficialMPPhotos/42/NaultRobert_Lib.jpg
Robert Kitchen,H,PCC,0,,,,,,,Île-du-Prince-Édouard,https://www.noscommunes.ca/Content/Parliamentarians/Images/OfficialMPPhotos/44/MorrisseyRobertJ._Lib.jpg
Robert Morrissey,H,PLC,0,,,,,,,Saskatchewan,https://www.noscommunes.ca/Content/Parliamentarians/Images/OfficialMPPhotos/44/KitchenRobert_CPC.jpg
Robert Nault,H,PLC,0,,,,,,,Ontario,https://www.noscommunes.ca/Content/Parliamentarians/Images/OfficialMPPhotos/44/OliphantRobert_Lib.jpg
Robert Oliphant,H,PLC,0,,,,,,,Manitoba,https://www.noscommunes.ca/Content/Parliamentarians/Images/OfficialMPPhotos/42/SopuckRobert_CPC.jpg
Robert Sopuck,H,PCC,0,,,,,,,Manitoba,https://www.noscommunes.ca/Content/Parliamentarians/Images/OfficialMPPhotos/42/OuelletteRobertFalcon_Lib.jpg
Robert-Falcon Ouellette,H,PLC,0,,,,,,,Nouvelle-Écosse,https://www.noscommunes.ca/Content/Parliamentarians/Images/OfficialMPPhotos/42/CuznerRodger_Lib.jpg
Rodger Cuzner,H,PLC,0,,,,,,,Québec,https://www.noscommunes.ca/Content/Parliamentarians/Images/OfficialMPPhotos/42/SaganashRomeo_NDP.jpg
Romeo Saganash,H,NPD,0,,,,,,,Alberta,https://www.noscommunes.ca/Content/Parliamentarians/Images/OfficialMPPhotos/44/LiepertRon_CPC.jpg
Ron Liepert,H,PCC,0,,,,,,,Colombie-Britannique,https://www.noscommunes.ca/Content/Parliamentarians/Images/OfficialMPPhotos/44/McKinnonRon_Lib.jpg
Ron McKinnon,H,PLC,0,,,,,,,Alberta,https://www.noscommunes.ca/Content/Parliamentarians/Images/OfficialMPPhotos/42/AmbroseRona_CPC.jpg
Rona Ambrose,H,PCC,0,,,,,,,Saskatchewan,https://www.noscommunes.ca/Content/Parliamentarians/Images/OfficialMPPhotos/44/FalkRosemarie_CPC.jpg
Rosemarie Falk,F,PCC,0,,,,,,,Ontario,https://www.noscommunes.ca/Content/Parliamentarians/Images/OfficialMPPhotos/44/SahotaRuby_Lib.jpg
Ruby Sahota,F,PLC,0,,,,,,,Québec,https://www.noscommunes.ca/Content/Parliamentarians/Images/OfficialMPPhotos/42/BrosseauRuthEllen_NDP.jpg
Ruth Ellen Brosseau,F,NPD,0,,,,,,,Ontario,https://www.noscommunes.ca/Content/Parliamentarians/Images/OfficialMPPhotos/44/TurnbullRyan_CPC.jpg
Ryan Turnbull,H,PLC,0,,,,,,,Ontario,https://www.noscommunes.ca/Content/Parliamentarians/Images/OfficialMPPhotos/44/WilliamsRyan_CPC.jpg
Ryan Williams,H,PCC,0,,,,,,,Ontario,https://www.noscommunes.ca/Content/Parliamentarians/Images/OfficialMPPhotos/44/ZahidSalma_Lib.jpg
Salma Zahid,F,PLC,0,,,,,,,Québec,https://www.noscommunes.ca/Content/Parliamentarians/Images/OfficialMPPhotos/44/ZuberiSameer_Lib.jpg
Sameer Zuberi,H,PLC,0,,,,,,,Ontario,https://www.noscommunes.ca/Content/Parliamentarians/Images/OfficialMPPhotos/44/DavidsonScot_CPC.jpg
Scot Davidson,H,PCC,0,,,,,,,Ontario,https://www.noscommunes.ca/Content/Parliamentarians/Images/OfficialMPPhotos/44/AitchisonScott_CPC.jpg
Scott Aitchison,H,PCC,0,,,,,,,Nouvelle-Écosse,https://www.noscommunes.ca/Content/Parliamentarians/Images/OfficialMPPhotos/42/BrisonScott_Lib.jpg
Scott Brison,H,PLC,0,,,,,,,Ontario,https://www.noscommunes.ca/Content/Parliamentarians/Images/OfficialMPPhotos/43/DuvallScott_NDP.jpg
Scott Duvall,H,NPD,0,,,,,,,Ontario,https://www.noscommunes.ca/Content/Parliamentarians/Images/OfficialMPPhotos/44/ReidScott_CPC.jpg
Scott Reid,H,PCC,0,,,,,,,Terre-Neuve-et-Labrador,https://www.noscommunes.ca/Content/Parliamentarians/Images/OfficialMPPhotos/43/SimmsScott_Lib.jpg
Scott Simms,H,PLC,0,,,,,,,Terre-Neuve-et-Labrador,https://www.noscommunes.ca/Content/Parliamentarians/Images/OfficialMPPhotos/44/OReganSeamus_Lib.jpg
Seamus O'Regan,H,PLC,0,,,,,,,Île-du-Prince-Édouard,https://www.noscommunes.ca/Content/Parliamentarians/Images/OfficialMPPhotos/44/CaseySean_Lib.jpg
Sean Casey,H,PLC,0,,,,,,,Nouvelle-Écosse,https://www.noscommunes.ca/Content/Parliamentarians/Images/OfficialMPPhotos/44/FraserSean_Lib.jpg
Sean Fraser,H,PLC,0,,,,,,,Québec,https://www.noscommunes.ca/Content/Parliamentarians/Images/OfficialMPPhotos/44/LemireSébastien_BQ.jpg
Sébastien Lemire,H,BQ,0,,,,,,,Nouveau-Brunswick,https://www.noscommunes.ca/Content/Parliamentarians/Images/OfficialMPPhotos/44/CormierSerge_Lib.jpg
Serge Cormier,H,PLC,0,,,,,,,Ontario,https://www.noscommunes.ca/Content/Parliamentarians/Images/OfficialMPPhotos/44/AliShafqat_Lib.jpg
Shafqat Ali,H,PLC,0,,,,,,,Alberta,https://www.noscommunes.ca/Content/Parliamentarians/Images/OfficialMPPhotos/44/StubbsShannon_CPC.jpg
Shannon Stubbs,F,PCC,0,,,,,,,Ontario,https://www.noscommunes.ca/Content/Parliamentarians/Images/OfficialMPPhotos/44/ChenShaun_Lib.jpg
Shaun Chen,H,PLC,0,,,,,,,Colombie-Britannique,https://www.noscommunes.ca/Content/Parliamentarians/Images/OfficialMPPhotos/42/MalcolmsonSheila_NDP.jpg
Sheila Malcolmson,F,NPD,0,,,,,,,Ontario,https://www.noscommunes.ca/Content/Parliamentarians/Images/OfficialMPPhotos/44/KrampNeumanShelby_CPC.jpg
Shelby Kramp-Neuman,F,PCC,0,,,,,,,Saskatchewan,https://www.noscommunes.ca/Content/Parliamentarians/Images/OfficialMPPhotos/42/BensonSheri_NDP.jpg
Sheri Benson,F,NPD,0,,,,,,,Québec,https://www.noscommunes.ca/Content/Parliamentarians/Images/OfficialMPPhotos/44/RomanadoSherry_Lib.jpg
Sherry Romanado,F,PLC,0,,,,,,,Québec,https://www.noscommunes.ca/Content/Parliamentarians/Images/OfficialMPPhotos/43/MarcilSimon_BQ.jpg
Simon Marcil,H,BQ,0,,,,,,,Québec,https://www.noscommunes.ca/Content/Parliamentarians/Images/OfficialMPPhotos/44/SavardTremblaySimonPierre_BQ.jpg
Simon-Pierre Savard-Tremblay,H,BQ,0,,,,,,,Ontario,https://www.noscommunes.ca/Content/Parliamentarians/Images/OfficialMPPhotos/44/SidhuSonia_Lib.jpg
Sonia Sidhu,F,PLC,0,,,,,,,Québec,https://www.noscommunes.ca/Content/Parliamentarians/Images/OfficialMPPhotos/44/ChatelSophie_Lib.jpg
Sophie Chatel,F,PLC,0,,,,,,,Québec,https://www.noscommunes.ca/Content/Parliamentarians/Images/OfficialMPPhotos/44/MartinezFerradaSoraya_Lib.jpg
Soraya Martinez Ferrada,F,PLC,0,,,,,,,Québec,https://www.noscommunes.ca/Content/Parliamentarians/Images/OfficialMPPhotos/44/BergeronStéphane_BQ.jpg
Stéphane Bergeron,H,BQ,0,,,,,,,Québec,https://www.noscommunes.ca/Content/Parliamentarians/Images/OfficialMPPhotos/42/DionStéphane_Lib.jpg
Stéphane Dion,H,PLC,0,,,,,,,Québec,https://www.noscommunes.ca/Content/Parliamentarians/Images/OfficialMPPhotos/44/LauzonStéphane_Lib.jpg
Stéphane Lauzon,H,PLC,0,,,,,,,Alberta,https://www.noscommunes.ca/Content/Parliamentarians/Images/OfficialMPPhotos/44/KusieStephanie_CPC.jpg
Stephanie Kusie,F,PCC,0,,,,,,,Nouvelle-Écosse,https://www.noscommunes.ca/Content/Parliamentarians/Images/OfficialMPPhotos/44/EllisStephen_CPC.jpg
Stephen Ellis,H,PCC,0,,,,,,,Colombie-Britannique,https://www.noscommunes.ca/Content/Parliamentarians/Images/OfficialMPPhotos/42/FuhrStephen_Lib.jpg
Stephen Fuhr,H,PLC,0,,,,,,,Alberta,https://www.noscommunes.ca/Content/Parliamentarians/Images/OfficialMPPhotos/42/HarperStephen_CPC.jpg
Steven Blaney,H,PCC,0,,,,,,,Québec,https://www.noscommunes.ca/Content/Parliamentarians/Images/OfficialMPPhotos/43/BlaneySteven_CPC.jpg
Steven MacKinnon,H,PLC,0,,,,,,,Québec,https://www.noscommunes.ca/Content/Parliamentarians/Images/OfficialMPPhotos/44/GuilbeaultSteven_Lib.jpg
Sukh Dhaliwal,H,PLC,0,,,,,,,Québec,https://www.noscommunes.ca/Content/Parliamentarians/Images/OfficialMPPhotos/44/MacKinnonSteven_Lib.jpg
Sven Spengemann,H,PLC,0,,,,,,,Colombie-Britannique,https://www.noscommunes.ca/Content/Parliamentarians/Images/OfficialMPPhotos/44/DhaliwalSukh_Lib.jpg
Sylvie Bérubé,F,BQ,0,,,,,,,Ontario,https://www.noscommunes.ca/Content/Parliamentarians/Images/OfficialMPPhotos/44/SpengemannSven_Lib.jpg
Sylvie Boucher,F,PCC,0,,,,,,,Québec,https://www.noscommunes.ca/Content/Parliamentarians/Images/OfficialMPPhotos/44/BérubéSylvie_BQ.jpg
T.J. Harvey,H,PLC,0,,,,,,,Québec,https://www.noscommunes.ca/Content/Parliamentarians/Images/OfficialMPPhotos/42/BoucherSylvie_CPC.jpg
Tako Van Popta,H,PCC,0,,,,,,,Nouveau-Brunswick,https://www.noscommunes.ca/Content/Parliamentarians/Images/OfficialMPPhotos/42/HarveyTJ_Lib.jpg
Taleeb Noormohamed,H,PLC,0,,,,,,,Colombie-Britannique,https://www.noscommunes.ca/Content/Parliamentarians/Images/OfficialMPPhotos/44/VanPoptaTako_CPC.jpg
Tamara Jansen,F,PCC,0,,,,,,,Colombie-Britannique,https://www.noscommunes.ca/Content/Parliamentarians/Images/OfficialMPPhotos/44/NoormohamedTaleeb_Lib.jpg
Taylor Bachrach,H,NPD,0,,,,,,,Colombie-Britannique,https://www.noscommunes.ca/Content/Parliamentarians/Images/OfficialMPPhotos/43/JansenTamara_CPC.jpg
Ted Falk,H,PCC,0,,,,,,,Colombie-Britannique,https://www.noscommunes.ca/Content/Parliamentarians/Images/OfficialMPPhotos/44/BachrachTaylor_NDP.jpg
Terry Beech,H,PLC,0,,,,,,,Manitoba,https://www.noscommunes.ca/Content/Parliamentarians/Images/OfficialMPPhotos/44/FalkTed_CPC.jpg
Terry Dowdall,H,PCC,0,,,,,,,Colombie-Britannique,https://www.noscommunes.ca/Content/Parliamentarians/Images/OfficialMPPhotos/44/BeechTerry_Lib.jpg
Terry Duguid,H,PLC,0,,,,,,,Ontario,https://www.noscommunes.ca/Content/Parliamentarians/Images/OfficialMPPhotos/44/DowdallTerry_CPC.jpg
Terry Sheehan,H,PLC,0,,,,,,,Manitoba,https://www.noscommunes.ca/Content/Parliamentarians/Images/OfficialMPPhotos/44/DuguidTerry_Lib.jpg
Thomas Mulcair,H,NPD,0,,,,,,,Ontario,https://www.noscommunes.ca/Content/Parliamentarians/Images/OfficialMPPhotos/44/SheehanTerry_Lib.jpg
Tim Louis,H,PLC,0,,,,,,,Québec,https://www.noscommunes.ca/Content/Parliamentarians/Images/OfficialMPPhotos/42/MulcairThomas_NDP.jpg
Tim Uppal,H,PCC,0,,,,,,,Ontario,https://www.noscommunes.ca/Content/Parliamentarians/Images/OfficialMPPhotos/44/LouisTim_Lib.jpg
TJ Harvey,H,PLC,0,,,,,,,Alberta,https://www.noscommunes.ca/Content/Parliamentarians/Images/OfficialMPPhotos/44/UppalTim_CPC.jpg
Todd Doherty,H,PCC,0,,,,,,,Colombie-Britannique,https://www.noscommunes.ca/Content/Parliamentarians/Images/OfficialMPPhotos/44/DohertyTodd_CPC.jpg
Tom Kmiec,H,PCC,0,,,,,,,Alberta,https://www.noscommunes.ca/Content/Parliamentarians/Images/OfficialMPPhotos/44/KmiecTom_CPC.jpg
Tom Lukiwski,H,PCC,0,,,,,,,Saskatchewan,https://www.noscommunes.ca/Content/Parliamentarians/Images/OfficialMPPhotos/43/LukiwskiTom_CPC.jpg
Tony Baldinelli,H,PCC,0,,,,,,,Ontario,https://www.noscommunes.ca/Content/Parliamentarians/Images/OfficialMPPhotos/44/BaldinelliTony_CPC.jpg
Tony Clement,H,PCC,1,421,399,Ind.,,,,Ontario,https://www.noscommunes.ca/Content/Parliamentarians/Images/OfficialMPPhotos/42/ClementTony_CPC.jpg
Tony Van Bynen,H,PLC,0,,,,,,,Ontario,https://www.noscommunes.ca/Content/Parliamentarians/Images/OfficialMPPhotos/44/VanBynenTony_Lib.jpg
Tracey Ramsey,F,NPD,0,,,,,,,Ontario,https://www.noscommunes.ca/Content/Parliamentarians/Images/OfficialMPPhotos/42/RamseyTracey_NDP.jpg
Tracy Gray,F,PCC,0,,,,,,,Colombie-Britannique,https://www.noscommunes.ca/Content/Parliamentarians/Images/OfficialMPPhotos/44/GrayTracy_CPC.jpg
Valerie Bradford,F,PLC,0,,,,,,,Ontario,https://www.noscommunes.ca/Content/Parliamentarians/Images/OfficialMPPhotos/44/BradfordValerie_Lib.jpg
Vance Badawey,H,PLC,0,,,,,,,Ontario,https://www.noscommunes.ca/Content/Parliamentarians/Images/OfficialMPPhotos/44/BadaweyVance_Lib.jpg
Viviane Lapointe,F,PLC,0,,,,,,,Ontario,https://www.noscommunes.ca/Content/Parliamentarians/Images/OfficialMPPhotos/44/LaPointeViviane_Lib.jpg
Warren Steinley,H,PCC,0,,,,,,,Saskatchewan,https://www.noscommunes.ca/Content/Parliamentarians/Images/OfficialMPPhotos/44/SteinleyWarren_CPC.jpg
Wayne Easter,H,PLC,0,,,,,,,Île-du-Prince-Édouard,https://www.noscommunes.ca/Content/Parliamentarians/Images/OfficialMPPhotos/43/EasterWayne_Lib.jpg
Wayne Long,H,PLC,0,,,,,,,Nouveau-Brunswick,https://www.noscommunes.ca/Content/Parliamentarians/Images/OfficialMPPhotos/44/LongWayne_Lib.jpg
Wayne Stetski,H,NPD,0,,,,,,,Colombie-Britannique,https://www.noscommunes.ca/Content/Parliamentarians/Images/OfficialMPPhotos/42/StetskiWayne_NDP.jpg
William Amos,H,PLC,0,,,,,,,Québec,https://www.noscommunes.ca/Content/Parliamentarians/Images/OfficialMPPhotos/43/AmosWilliam_Lib.jpg
Wilson Miao,H,PLC,0,,,,,,,Colombie-Britannique,https://www.noscommunes.ca/Content/Parliamentarians/Images/OfficialMPPhotos/44/MiaoWilson_Lib.jpg
Xavier Barsalou-Duval,H,BQ,0,,,,,,,Québec,https://www.noscommunes.ca/Content/Parliamentarians/Images/OfficialMPPhotos/44/BarsalouDuvalXavier_BQ.jpg
Ya'ara Saks,F,PLC,0,,,,,,,Ontario,https://www.noscommunes.ca/Content/Parliamentarians/Images/OfficialMPPhotos/44/SaksYaara_Lib.jpg
Ya’ara Saks,F,PLC,0,,,,,,,Ontario,https://www.noscommunes.ca/Content/Parliamentarians/Images/OfficialMPPhotos/44/SaksYaara_Lib.jpg
Yasir Naqvi,H,PLC,0,,,,,,,Ontario,https://www.noscommunes.ca/Content/Parliamentarians/Images/OfficialMPPhotos/44/NaqviYasir_Lib.jpg
Yasmin Ratansi,F,PLC,1,432,30,,,,,Ontario,https://www.noscommunes.ca/Content/Parliamentarians/Images/OfficialMPPhotos/43/RatansiYasmin_Lib.jpg
Yvan Baker,H,PLC,0,,,,,,,Ontario,https://www.noscommunes.ca/Content/Parliamentarians/Images/OfficialMPPhotos/44/BakerYvan_Lib.jpg
Yves Perron,H,BQ,0,,,,,,,Québec,https://www.noscommunes.ca/Content/Parliamentarians/Images/OfficialMPPhotos/44/PerronYves_BQ.jpg
Yves Robillard,H,PLC,0,,,,,,,Québec,https://www.noscommunes.ca/Content/Parliamentarians/Images/OfficialMPPhotos/44/RobillardYves_Lib.jpg
Yves-François Blanchet,H,BQ,0,,,,,,,Québec,https://www.noscommunes.ca/Content/Parliamentarians/Images/OfficialMPPhotos/44/BlanchetYves-François_BQ.jpg
Yvonne Jones,F,PLC,0,,,,,,,Terre-Neuve-et-Labrador,https://www.noscommunes.ca/Content/Parliamentarians/Images/OfficialMPPhotos/44/JonesYvonne_Lib.jpg
Ziad Aboultaif,H,PCC,0,,,,,,,Alberta,https://www.noscommunes.ca/Content/Parliamentarians/Images/OfficialMPPhotos/44/AboultaifZiad_CPC.jpg
