Circonscription,province,parti,Date de début,Date de fin,nom,genre,legislature
Edmonton Manning,Alberta,PCC,2015-10-19 00:00:00,2019-10-20 23:59:59,Ziad Aboultaif,H,42
Central Okanagan—Similkameen—Nicola,Colombie-Britannique,PCC,2015-10-19 00:00:00,2019-10-20 23:59:59,Dan Albas,H,42
Kitchener—Conestoga,Ontario,PCC,2015-10-19 00:00:00,2019-10-20 23:59:59,Harold Albrecht,H,42
Cloverdale—Langley City,Colombie-Britannique,PLC,2015-10-19 00:00:00,2019-10-20 23:59:59,John Aldag,H,42
Mississauga-Centre,Ontario,PLC,2015-10-19 00:00:00,2019-10-20 23:59:59,Omar Alghabra,H,42
Niagara-Ouest,Ontario,PCC,2015-10-19 00:00:00,2019-10-20 23:59:59,Dean Allison,H,42
Pontiac,Québec,PLC,2015-10-19 00:00:00,2019-10-20 23:59:59,William Amos,H,42
Scarborough—Rouge Park,Ontario,PLC,2015-10-19 00:00:00,2019-10-20 23:59:59,Gary Anandasangaree,H,42
Cypress Hills—Grasslands,Saskatchewan,PCC,2015-10-19 00:00:00,2019-10-20 23:59:59,David Anderson,H,42
Timmins—Baie James,Ontario,NPD,2015-10-19 00:00:00,2019-10-20 23:59:59,Charlie Angus,H,42
North Okanagan—Shuswap,Colombie-Britannique,PCC,2015-10-19 00:00:00,2019-10-20 23:59:59,Mel Arnold,H,42
Madawaska—Restigouche,Nouveau-Brunswick,PLC,2015-10-19 00:00:00,2019-10-20 23:59:59,René Arseneault,H,42
Nepean,Ontario,PLC,2015-10-19 00:00:00,2019-10-20 23:59:59,Chandra Arya,H,42
Trois-Rivières,Québec,NPD,2015-10-19 00:00:00,2019-10-20 23:59:59,Robert Aubin,H,42
Thérèse-De Blainville,Québec,PLC,2015-10-19 00:00:00,2019-10-20 23:59:59,Ramez Ayoub,H,42
Niagara-Centre,Ontario,PLC,2015-10-19 00:00:00,2019-10-20 23:59:59,Vance Badawey,H,42
Yukon,Yukon,PLC,2015-10-19 00:00:00,2019-10-20 23:59:59,Larry Bagnell,H,42
Mississauga—Malton,Ontario,PLC,2015-10-19 00:00:00,2019-10-20 23:59:59,Navdeep Bains,H,42
Foothills,Alberta,PCC,2015-10-19 00:00:00,2019-10-20 23:59:59,John Barlow,H,42
Leeds—Grenville—Thousand Islands et Rideau Lakes,Ontario,PCC,2018-12-03 00:00:00,2019-10-20 23:59:59,Michael Barrett,H,42
Pierre-Boucher—Les Patriotes—Verchères,Québec,BQ,2015-10-19 00:00:00,2019-10-20 23:59:59,Xavier Barsalou-Duval,H,42
Pierrefonds—Dollard,Québec,PLC,2015-10-19 00:00:00,2019-10-20 23:59:59,Frank Baylis,H,42
La Pointe-de-l'Île,Québec,BQ,2015-10-19 00:00:00,2019-10-20 23:59:59,Mario Beaulieu,H,42
Burnaby-Nord—Seymour,Colombie-Britannique,PLC,2015-10-19 00:00:00,2019-10-20 23:59:59,Terry Beech,H,42
Ottawa—Vanier,Ontario,PLC,2015-10-19 00:00:00,2016-08-15 23:59:59,Mauril Bélanger,H,42
Calgary Heritage,Alberta,PCC,2017-04-03 00:00:00,2019-10-20 23:59:59,Bob Benzen,H,42
Beauce,Québec,Ind.,2015-10-19 00:00:00,2019-10-20 23:59:59,Maxime Bernier,H,42
Mégantic—L'Érable,Québec,PCC,2015-10-19 00:00:00,2019-10-20 23:59:59,Luc Berthold,H,42
Selkirk—Interlake—Eastman,Manitoba,PCC,2015-10-19 00:00:00,2019-10-20 23:59:59,James Bezan,H,42
St. Catharines,Ontario,PLC,2015-10-19 00:00:00,2019-10-20 23:59:59,Chris Bittle,H,42
Elmwood—Transcona,Manitoba,NPD,2015-10-19 00:00:00,2019-10-20 23:59:59,Daniel Blaikie,H,42
Scarborough-Sud-Ouest,Ontario,PLC,2015-10-19 00:00:00,2019-10-20 23:59:59,Bill Blair,H,42
Bellechasse—Les Etchemins—Lévis,Québec,PCC,2015-10-19 00:00:00,2019-10-20 23:59:59,Steven Blaney,H,42
Edmonton-Centre,Alberta,PLC,2015-10-19 00:00:00,2019-10-20 23:59:59,Randy Boissonnault,H,42
Hastings—Lennox and Addington,Ontario,PLC,2015-10-19 00:00:00,2019-10-20 23:59:59,Mike Bossio,H,42
Terrebonne,Québec,BQ,2015-10-19 00:00:00,2019-10-20 23:59:59,Michel Boudrias,H,42
Rosemont—La Petite-Patrie,Québec,NPD,2015-10-19 00:00:00,2019-10-20 23:59:59,Alexandre Boulerice,H,42
Barrie—Innisfil,Ontario,PCC,2015-10-19 00:00:00,2019-10-20 23:59:59,John Brassard,H,42
Hamilton-Est—Stoney Creek,Ontario,PLC,2015-10-19 00:00:00,2019-10-20 23:59:59,Bob Bratina,H,42
Shefford,Québec,PLC,2015-10-19 00:00:00,2019-10-20 23:59:59,Pierre Breton,H,42
Kings—Hants,Nouvelle-Écosse,PLC,2015-10-19 00:00:00,2019-02-10 23:59:59,Scott Brison,H,42
Leeds—Grenville—Thousand Islands et Rideau Lakes,Ontario,PCC,2015-10-19 00:00:00,2018-05-02 23:59:00,Gordon Brown,H,42
Red Deer—Lacombe,Alberta,PCC,2015-10-19 00:00:00,2019-10-20 23:59:59,Blaine Calkins,H,42
Okanagan-Sud—Kootenay-Ouest,Colombie-Britannique,NPD,2015-10-19 00:00:00,2019-10-20 23:59:59,Richard Cannings,H,42
Rimouski-Neigette—Témiscouata—Les Basques,Québec,NPD,2015-10-19 00:00:00,2019-10-20 23:59:59,Guy Caron,H,42
Winnipeg-Centre-Sud,Manitoba,PLC,2015-10-19 00:00:00,2019-10-20 23:59:59,Jim Carr,H,42
Oshawa,Ontario,PCC,2015-10-19 00:00:00,2019-10-20 23:59:59,Colin Carrie,H,42
Cumberland—Colchester,Nouvelle-Écosse,PLC,2015-10-19 00:00:00,2019-10-20 23:59:59,Bill Casey,H,42
Charlottetown,Île-du-Prince-Édouard,PLC,2015-10-19 00:00:00,2019-10-20 23:59:59,Sean Casey,H,42
Saint-Maurice—Champlain,Québec,PLC,2015-10-19 00:00:00,2019-10-20 23:59:59,François-Philippe Champagne,H,42
Scarborough—Agincourt,Ontario,PLC,2015-10-19 00:00:00,2017-09-14 12:00:00,Arnold Chan,H,42
Scarborough-Nord,Ontario,PLC,2015-10-19 00:00:00,2019-10-20 23:59:59,Shaun Chen,H,42
Wellington—Halton Hills,Ontario,PCC,2015-10-19 00:00:00,2019-10-20 23:59:59,Michael Chong,H,42
Drummond,Québec,NPD,2015-10-19 00:00:00,2019-10-20 23:59:59,François Choquette,H,42
Hamilton-Centre,Ontario,NPD,2015-10-19 00:00:00,2019-10-20 23:59:59,David Christopherson,H,42
Beauport—Limoilou,Québec,PCC,2015-10-19 00:00:00,2019-10-20 23:59:59,Alupa Clarke,H,42
Parry Sound—Muskoka,Ontario,Ind.,2015-10-19 00:00:00,2019-10-20 23:59:59,Tony Clement,H,42
St. Albert—Edmonton,Alberta,PCC,2015-10-19 00:00:00,2019-10-20 23:59:59,Michael Cooper,H,42
Acadie—Bathurst,Nouveau-Brunswick,PLC,2015-10-19 00:00:00,2019-10-20 23:59:59,Serge Cormier,H,42
Skeena—Bulkley Valley,Colombie-Britannique,NPD,2015-10-19 00:00:00,2019-10-20 23:59:59,Nathan Cullen,H,42
Cape Breton—Canso,Nouvelle-Écosse,PLC,2015-10-19 00:00:00,2019-10-20 23:59:59,Rodger Cuzner,H,42
York—Simcoe,Ontario,PCC,2019-02-25 00:00:00,2019-10-20 23:59:59,Scot Davidson,H,42
Vancouver Kingsway,Colombie-Britannique,NPD,2015-10-19 00:00:00,2019-10-20 23:59:59,Don Davies,H,42
Fredericton,Nouveau-Brunswick,PLC,2015-10-19 00:00:00,2019-10-20 23:59:59,Matt DeCourcey,H,42
Louis-Saint-Laurent,Québec,PCC,2015-10-19 00:00:00,2019-10-20 23:59:59,Gérard Deltell,H,42
Surrey—Newton,Colombie-Britannique,PLC,2015-10-19 00:00:00,2019-10-20 23:59:59,Sukh Dhaliwal,H,42
Saint-Léonard—Saint-Michel,Québec,PLC,2015-10-19 00:00:00,2019-01-29 23:59:59,Nicola Di Iorio,H,42
Saint-Laurent,Québec,PLC,2015-10-19 00:00:00,2017-02-06 23:59:59,Stéphane Dion,H,42
Edmonton Griesbach,Alberta,PCC,2015-10-19 00:00:00,2019-10-20 23:59:59,Kerry Diotte,H,42
Cariboo—Prince George,Colombie-Britannique,PCC,2015-10-19 00:00:00,2019-10-20 23:59:59,Todd Doherty,H,42
Port Moody—Coquitlam,Colombie-Britannique,NPD,2015-10-19 00:00:00,2019-10-20 23:59:59,Fin Donnelly,H,42
Red Deer—Mountain View,Alberta,PCC,2015-10-19 00:00:00,2019-10-20 23:59:59,Earl Dreeshen,H,42
Glengarry—Prescott—Russell,Ontario,PLC,2015-10-19 00:00:00,2019-10-20 23:59:59,Francis Drouin,H,42
Beloeil—Chambly,Québec,NPD,2015-10-19 00:00:00,2019-10-20 23:59:59,Matthew Dubé,H,42
Bourassa,Québec,PLC,2015-10-19 00:00:00,2019-10-20 23:59:59,Emmanuel Dubourg,H,42
Québec,Québec,PLC,2015-10-19 00:00:00,2019-10-20 23:59:59,Jean-Yves Duclos,H,42
Winnipeg-Sud,Manitoba,PLC,2015-10-19 00:00:00,2019-10-20 23:59:59,Terry Duguid,H,42
Sherbrooke,Québec,NPD,2015-10-19 00:00:00,2019-10-20 23:59:59,Pierre-Luc Dusseault,H,42
Hamilton Mountain,Ontario,NPD,2015-10-19 00:00:00,2019-10-20 23:59:59,Scott Duvall,H,42
Malpeque,Île-du-Prince-Édouard,PLC,2015-10-19 00:00:00,2019-10-20 23:59:59,Wayne Easter,H,42
Yellowhead,Alberta,PCC,2015-10-19 00:00:00,2019-10-20 23:59:59,Jim Eglinski,H,42
Willowdale,Ontario,PLC,2015-10-19 00:00:00,2019-10-20 23:59:59,Ali Ehsassi,H,42
Laval—Les Îles,Québec,PLC,2015-10-19 00:00:00,2019-10-20 23:59:59,Fayçal El-Khoury,H,42
Baie de Quinte,Ontario,PLC,2015-10-19 00:00:00,2019-10-20 23:59:59,Neil Ellis,H,42
Beaches—East York,Ontario,PLC,2015-10-19 00:00:00,2019-10-20 23:59:59,Nathaniel Erskine-Smith,H,42
Sydney—Victoria,Nouvelle-Écosse,PLC,2015-10-19 00:00:00,2019-10-20 23:59:59,Mark Eyking,H,42
Charleswood—St. James—Assiniboia—Headingley,Manitoba,PLC,2015-10-19 00:00:00,2019-10-20 23:59:59,Doug Eyolfson,H,42
Provencher,Manitoba,PCC,2015-10-19 00:00:00,2019-10-20 23:59:59,Ted Falk,H,42
Abbotsford,Colombie-Britannique,PCC,2015-10-19 00:00:00,2019-10-20 23:59:59,Ed Fast,H,42
Hull—Aylmer,Québec,PLC,2015-10-19 00:00:00,2019-10-20 23:59:59,Greg Fergus,H,42
Halifax,Nouvelle-Écosse,PLC,2015-10-19 00:00:00,2019-10-20 23:59:59,Andy Fillmore,H,42
Miramichi—Grand Lake,Nouveau-Brunswick,PLC,2015-10-19 00:00:00,2019-10-20 23:59:59,Pat Finnigan,H,42
Dartmouth—Cole Harbour,Nouvelle-Écosse,PLC,2015-10-19 00:00:00,2019-10-20 23:59:59,Darren Fisher,H,42
Mississauga-Est—Cooksville,Ontario,PLC,2015-10-19 00:00:00,2019-10-20 23:59:59,Peter Fonseca,H,42
Rivière-du-Nord,Québec,BQ,2015-10-19 00:00:00,2019-10-20 23:59:59,Rhéal Fortin,H,42
London-Centre-Nord,Ontario,PLC,2015-10-19 00:00:00,2019-10-20 23:59:59,Peter Fragiskatos,H,42
Nova-Ouest,Nouvelle-Écosse,PLC,2015-10-19 00:00:00,2019-10-20 23:59:59,Colin Fraser,H,42
Nova-Centre,Nouvelle-Écosse,PLC,2015-10-19 00:00:00,2019-10-20 23:59:59,Sean Fraser,H,42
Kelowna—Lake Country,Colombie-Britannique,PLC,2015-10-19 00:00:00,2019-10-20 23:59:59,Stephen Fuhr,H,42
Notre-Dame-de-Grâce—Westmount,Québec,PLC,2015-10-19 00:00:00,2019-10-20 23:59:59,Marc Garneau,H,42
Esquimalt—Saanich—Sooke,Colombie-Britannique,NPD,2015-10-19 00:00:00,2019-10-20 23:59:59,Randall Garrison,H,42
Montmagny—L'Islet—Kamouraska—Rivière-du-Loup,Québec,PCC,2015-10-19 00:00:00,2019-10-20 23:59:59,Bernard Généreux,H,42
Sherwood Park—Fort Saskatchewan,Alberta,PCC,2015-10-19 00:00:00,2019-10-20 23:59:59,Garnett Genuis,H,42
Kingston et les Îles,Ontario,PLC,2015-10-19 00:00:00,2019-10-20 23:59:59,Mark Gerretsen,H,42
Portneuf—Jacques-Cartier,Québec,PCC,2015-10-19 00:00:00,2019-10-20 23:59:59,Joël Godin,H,42
Regina—Wascana,Saskatchewan,PLC,2015-10-19 00:00:00,2019-10-20 23:59:59,Ralph Goodale,H,42
Lévis—Lotbinière,Québec,PCC,2015-10-19 00:00:00,2019-10-20 23:59:59,Jacques Gourde,H,42
Laurentides—Labelle,Québec,PLC,2015-10-19 00:00:00,2019-10-20 23:59:59,David de Burgh Graham,H,42
Brampton-Est,Ontario,Ind.,2015-10-19 00:00:00,2019-10-20 23:59:59,Raj Grewal,H,42
Fleetwood—Port Kells,Colombie-Britannique,PLC,2015-10-19 00:00:00,2019-10-20 23:59:59,Ken Hardie,H,42
Calgary Heritage,Alberta,PCC,2015-10-19 00:00:00,2016-08-26 23:59:59,Stephen Harper,H,42
Tobique—Mactaquac,Nouveau-Brunswick,PLC,2015-10-19 00:00:00,2019-10-20 23:59:59,T.J. Harvey,H,42
Lac-Saint-Jean,Québec,PLC,2017-10-23 00:00:00,2019-10-20 23:59:59,Richard Hébert,H,42
Calgary-Centre,Alberta,PLC,2015-10-19 00:00:00,2019-10-20 23:59:59,Kent Hehr,H,42
Medicine Hat—Cardston—Warner,Alberta,PCC,2015-10-19 00:00:00,2016-03-23 23:59:59,Jim Hillyer,H,42
Prince Albert,Saskatchewan,PCC,2015-10-19 00:00:00,2019-10-20 23:59:59,Randy Hoback,H,42
Surrey-Sud—White Rock,Colombie-Britannique,PLC,2017-12-11 00:00:00,2019-10-20 23:59:59,Gordie Hogg,H,42
Ajax,Ontario,PLC,2015-10-19 00:00:00,2019-10-20 23:59:59,Mark Holland,H,42
Mont-Royal,Québec,PLC,2015-10-19 00:00:00,2019-10-20 23:59:59,Anthony Housefather,H,42
York-Sud—Weston,Ontario,PLC,2015-10-19 00:00:00,2019-10-20 23:59:59,Ahmed Hussen,H,42
Alfred-Pellan,Québec,PLC,2015-10-19 00:00:00,2019-10-20 23:59:59,Angelo Iacono,H,42
Edmonton Riverbend,Alberta,PCC,2015-10-19 00:00:00,2019-10-20 23:59:59,Matt Jeneroux,H,42
Courtenay—Alberni,Colombie-Britannique,NPD,2015-10-19 00:00:00,2019-10-20 23:59:59,Gord Johns,H,42
Richmond Hill,Ontario,PLC,2015-10-19 00:00:00,2019-10-20 23:59:59,Majid Jowhari,H,42
New Westminster—Burnaby,Colombie-Britannique,NPD,2015-10-19 00:00:00,2019-10-20 23:59:59,Peter Julian,H,42
Calgary Skyview,Alberta,Ind.,2015-10-19 00:00:00,2019-10-20 23:59:59,Darshan Singh Kang,H,42
Calgary Rocky Ridge,Alberta,PCC,2015-10-19 00:00:00,2019-10-20 23:59:59,Pat Kelly,H,42
Calgary Midnapore,Alberta,PCC,2015-10-19 00:00:00,2016-09-23 23:59:59,Jason Kenney,H,42
Thornhill,Ontario,PCC,2015-10-19 00:00:00,2019-10-20 23:59:59,Peter Kent,H,42
Souris—Moose Mountain,Saskatchewan,PCC,2015-10-19 00:00:00,2019-10-20 23:59:59,Robert Kitchen,H,42
Calgary Shepard,Alberta,PCC,2015-10-19 00:00:00,2019-10-20 23:59:59,Tom Kmiec,H,42
Edmonton—Wetaskiwin,Alberta,PCC,2015-10-19 00:00:00,2019-10-20 23:59:59,Mike Lake,H,42
LaSalle—Émard—Verdun,Québec,PLC,2015-10-19 00:00:00,2019-10-20 23:59:59,David Lametti,H,42
Winnipeg-Nord,Manitoba,PLC,2015-10-19 00:00:00,2019-10-20 23:59:59,Kevin Lamoureux,H,42
Stormont—Dundas—South Glengarry,Ontario,PCC,2015-10-19 00:00:00,2019-10-20 23:59:59,Guy Lauzon,H,42
Argenteuil—La Petite-Nation,Québec,PLC,2015-10-19 00:00:00,2019-10-20 23:59:59,Stéphane Lauzon,H,42
Lac-Saint-Jean,Québec,PCC,2015-10-19 00:00:00,2017-08-09 10:35:32,Denis Lebel,H,42
Beauséjour,Nouveau-Brunswick,PLC,2015-10-19 00:00:00,2019-10-20 23:59:59,Dominic LeBlanc,H,42
Sudbury,Ontario,PLC,2015-10-19 00:00:00,2019-10-20 23:59:59,Paul Lefebvre,H,42
Chicoutimi—Le Fjord,Québec,PLC,2015-10-19 00:00:00,2017-12-01 23:59:00,Denis Lemieux,H,42
Orléans,Ontario,PLC,2015-10-19 00:00:00,2019-10-20 23:59:59,Andrew Leslie,H,42
York-Centre,Ontario,PLC,2015-10-19 00:00:00,2019-10-20 23:59:59,Michael Levitt,H,42
Calgary Signal Hill,Alberta,PCC,2015-10-19 00:00:00,2019-10-20 23:59:59,Ron Liepert,H,42
Louis-Hébert,Québec,PLC,2015-10-19 00:00:00,2019-10-20 23:59:59,Joël Lightbound,H,42
Sturgeon River—Parkland,Alberta,PCC,2017-10-23 00:00:00,2019-10-20 23:59:59,Dane Lloyd,H,42
Huron—Bruce,Ontario,PCC,2015-10-19 00:00:00,2019-10-20 23:59:59,Ben Lobb,H,42
Saint John—Rothesay,Nouveau-Brunswick,PLC,2015-10-19 00:00:00,2019-10-20 23:59:59,Wayne Long,H,42
Guelph,Ontario,PLC,2015-10-19 00:00:00,2019-10-20 23:59:59,Lloyd Longfield,H,42
Moose Jaw—Lake Centre—Lanigan,Saskatchewan,PCC,2015-10-19 00:00:00,2019-10-20 23:59:59,Tom Lukiwski,H,42
Cardigan,Île-du-Prince-Édouard,PLC,2015-10-19 00:00:00,2019-10-20 23:59:59,Lawrence MacAulay,H,42
Cowichan—Malahat—Langford,Colombie-Britannique,NPD,2015-10-19 00:00:00,2019-10-20 23:59:59,Alistair MacGregor,H,42
Oxford,Ontario,PCC,2015-10-19 00:00:00,2019-10-20 23:59:59,Dave MacKenzie,H,42
Gatineau,Québec,PLC,2015-10-19 00:00:00,2019-10-20 23:59:59,Steven MacKinnon,H,42
Brandon—Souris,Manitoba,PCC,2015-10-19 00:00:00,2019-10-20 23:59:59,Larry Maguire,H,42
Etobicoke—Lakeshore,Ontario,PLC,2015-10-19 00:00:00,2019-10-20 23:59:59,James Maloney,H,42
Nanaimo—Ladysmith,Colombie-Britannique,PV,2019-05-06 00:00:00,2019-10-20 23:59:59,Paul Manly,H,42
Mirabel,Québec,BQ,2015-10-19 00:00:00,2019-10-20 23:59:59,Simon Marcil,H,42
Chicoutimi—Le Fjord,Québec,PCC,2018-06-18 00:00:00,2019-10-20 23:59:59,Richard Martel,H,42
Windsor-Ouest,Ontario,NPD,2015-10-19 00:00:00,2019-10-20 23:59:59,Brian Masse,H,42
Avignon—La Mitis—Matane—Matapédia,Québec,PLC,2015-10-19 00:00:00,2019-10-20 23:59:59,Rémi Massé,H,42
Cambridge,Ontario,PLC,2015-10-19 00:00:00,2019-10-20 23:59:59,Bryan May,H,42
Markham—Thornhill,Ontario,PLC,2015-10-19 00:00:00,2017-02-01 23:59:00,John McCallum,H,42
Edmonton-Ouest,Alberta,PCC,2015-10-19 00:00:00,2019-10-20 23:59:59,Kelly McCauley,H,42
Brantford—Brant,Ontario,PCC,2015-10-19 00:00:00,2019-10-20 23:59:59,Phil McColeman,H,42
Avalon,Terre-Neuve-et-Labrador,PLC,2015-10-19 00:00:00,2019-10-20 23:59:59,Ken McDonald,H,42
Ottawa-Sud,Ontario,PLC,2015-10-19 00:00:00,2019-10-20 23:59:59,David McGuinty,H,42
Scarborough—Guildwood,Ontario,PLC,2015-10-19 00:00:00,2019-10-20 23:59:59,John McKay,H,42
Coquitlam—Port Coquitlam,Colombie-Britannique,PLC,2015-10-19 00:00:00,2019-10-20 23:59:59,Ron McKinnon,H,42
Territoires du Nord-Ouest,Territoires du Nord-Ouest,PLC,2015-10-19 00:00:00,2019-10-20 23:59:59,Michael McLeod,H,42
Eglinton—Lawrence,Ontario,PLC,2015-10-19 00:00:00,2019-10-20 23:59:59,Marco Mendicino,H,42
Bruce—Grey—Owen Sound,Ontario,PCC,2015-10-19 00:00:00,2019-10-20 23:59:59,Larry Miller,H,42
Ville-Marie—Le Sud-Ouest—Île-des-Soeurs,Québec,PLC,2015-10-19 00:00:00,2019-10-20 23:59:59,Marc Miller,H,42
Toronto-Centre,Ontario,PLC,2015-10-19 00:00:00,2019-10-20 23:59:59,Bill Morneau,H,42
Egmont,Île-du-Prince-Édouard,PLC,2015-10-19 00:00:00,2019-10-20 23:59:59,Robert Morrissey,H,42
Medicine Hat—Cardston—Warner,Alberta,PCC,2016-10-24 00:00:00,2019-10-20 23:59:59,Glen Motz,H,42
Outremont,Québec,NPD,2015-10-19 00:00:00,2018-08-03 23:59:59,Thomas Mulcair,H,42
Longueuil—Saint-Hubert,Québec,Ind.,2015-10-19 00:00:00,2019-10-20 23:59:59,Pierre Nantel,H,42
Perth—Wellington,Ontario,PCC,2015-10-19 00:00:00,2019-10-20 23:59:59,John Nater,H,42
Kenora,Ontario,PLC,2015-10-19 00:00:00,2019-10-20 23:59:59,Robert Nault,H,42
Niagara Falls,Ontario,PCC,2015-10-19 00:00:00,2019-10-20 23:59:59,Rob Nicholson,H,42
Barrie—Springwater—Oro-Medonte,Ontario,PCC,2015-10-19 00:00:00,2019-10-20 23:59:59,Alexander Nuttall,H,42
Calgary Forest Lawn,Alberta,PCC,2015-10-19 00:00:00,2019-08-02 23:59:59,Deepak Obhrai,H,42
Don Valley-Ouest,Ontario,PLC,2015-10-19 00:00:00,2019-10-20 23:59:59,Robert Oliphant,H,42
Oakville,Ontario,PLC,2015-10-19 00:00:00,2019-10-20 23:59:59,John Oliver,H,42
St. John's-Sud—Mount Pearl,Terre-Neuve-et-Labrador,PLC,2015-10-19 00:00:00,2019-10-20 23:59:59,Seamus O'Regan,H,42
Durham,Ontario,PCC,2015-10-19 00:00:00,2019-10-20 23:59:59,Erin O'Toole,H,42
Winnipeg-Centre,Manitoba,PLC,2015-10-19 00:00:00,2019-10-20 23:59:59,Robert-Falcon Ouellette,H,42
Brome—Missisquoi,Québec,PLC,2015-10-19 00:00:00,2019-10-20 23:59:59,Denis Paradis,H,42
Charlesbourg—Haute-Saint-Charles,Québec,PCC,2015-10-19 00:00:00,2019-10-20 23:59:59,Pierre Paul-Hus,H,42
Steveston—Richmond-Est,Colombie-Britannique,PLC,2015-10-19 00:00:00,2019-10-20 23:59:59,Joe Peschisolido,H,42
Newmarket—Aurora,Ontario,PLC,2015-10-19 00:00:00,2019-10-20 23:59:59,Kyle Peterson,H,42
Montarville,Québec,PLC,2015-10-19 00:00:00,2019-10-20 23:59:59,Michel Picard,H,42
Bécancour—Nicolet—Saurel,Québec,BQ,2015-10-19 00:00:00,2019-10-20 23:59:59,Louis Plamondon,H,42
Carleton,Ontario,PCC,2015-10-19 00:00:00,2019-10-20 23:59:59,Pierre Poilievre,H,42
La Prairie,Québec,PLC,2015-10-19 00:00:00,2019-10-20 23:59:59,Jean-Claude Poissant,H,42
Victoria,Colombie-Britannique,NPD,2015-10-19 00:00:00,2019-08-31 23:59:59,Murray Rankin,H,42
Richmond—Arthabaska,Québec,PCC,2015-10-19 00:00:00,2019-10-20 23:59:59,Alain Rayes,H,42
Halifax-Ouest,Nouvelle-Écosse,PLC,2015-10-19 00:00:00,2019-10-20 23:59:59,Geoff Regan,H,42
Lanark—Frontenac—Kingston,Ontario,PCC,2015-10-19 00:00:00,2019-10-20 23:59:59,Scott Reid,H,42
Banff—Airdrie,Alberta,PCC,2015-10-19 00:00:00,2019-10-20 23:59:59,Blake Richards,H,42
Saint-Jean,Québec,PLC,2015-10-19 00:00:00,2019-10-20 23:59:59,Jean Rioux,H,42
Battlefords—Lloydminster,Saskatchewan,PCC,2015-10-19 00:00:00,2017-10-02 23:59:59,Gerry Ritz,H,42
Marc-Aurèle-Fortin,Québec,PLC,2015-10-19 00:00:00,2019-10-20 23:59:59,Yves Robillard,H,42
Honoré-Mercier,Québec,PLC,2015-10-19 00:00:00,2019-10-20 23:59:59,Pablo Rodriguez,H,42
Bonavista—Burin—Trinity,Terre-Neuve-et-Labrador,PLC,2017-12-11 00:00:00,2019-10-20 23:59:59,Churence Rogers,H,42
Nipissing—Timiskaming,Ontario,PLC,2015-10-19 00:00:00,2019-10-20 23:59:59,Anthony Rota,H,42
Pitt Meadows—Maple Ridge,Colombie-Britannique,PLC,2015-10-19 00:00:00,2019-10-20 23:59:59,Dan Ruimy,H,42
Thunder Bay—Rainy River,Ontario,PLC,2015-10-19 00:00:00,2019-10-20 23:59:59,Don Rusnak,H,42
Abitibi—Baie-James—Nunavik—Eeyou,Québec,NPD,2015-10-19 00:00:00,2019-10-20 23:59:59,Romeo Saganash,H,42
Kitchener-Centre,Ontario,PLC,2015-10-19 00:00:00,2019-10-20 23:59:59,Raj Saini,H,42
Vancouver-Sud,Colombie-Britannique,PLC,2015-10-19 00:00:00,2019-10-20 23:59:59,Harjit S. Sajjan,H,42
Sackville—Preston—Chezzetcook,Nouvelle-Écosse,PLC,2015-10-19 00:00:00,2019-10-20 23:59:59,Darrell Samson,H,42
Brampton-Centre,Ontario,PLC,2015-10-19 00:00:00,2019-10-20 23:59:59,Ramesh Sangha,H,42
Surrey-Centre,Colombie-Britannique,PLC,2015-10-19 00:00:00,2019-10-20 23:59:59,Randeep Sarai,H,42
Markham—Unionville,Ontario,PCC,2015-10-19 00:00:00,2019-10-20 23:59:59,Bob Saroya,H,42
Lac-Saint-Louis,Québec,PLC,2015-10-19 00:00:00,2019-10-20 23:59:59,Francis Scarpaleggia,H,42
Regina—Qu'Appelle,Saskatchewan,PCC,2015-10-19 00:00:00,2019-10-20 23:59:59,Andrew Scheer,H,42
Vaudreuil—Soulanges,Québec,PLC,2015-10-19 00:00:00,2019-10-20 23:59:59,Peter Schiefke,H,42
Haliburton—Kawartha Lakes—Brock,Ontario,PCC,2015-10-19 00:00:00,2019-10-20 23:59:59,Jamie Schmale,H,42
Nickel Belt,Ontario,PLC,2015-10-19 00:00:00,2019-10-20 23:59:59,Marc Serré,H,42
Sault Ste. Marie,Ontario,PLC,2015-10-19 00:00:00,2019-10-20 23:59:59,Terry Sheehan,H,42
Bow River,Alberta,PCC,2015-10-19 00:00:00,2019-10-20 23:59:59,Martin Shields,H,42
Lambton—Kent—Middlesex,Ontario,PCC,2015-10-19 00:00:00,2019-10-20 23:59:59,Bev Shipley,H,42
Mission—Matsqui—Fraser Canyon,Colombie-Britannique,PLC,2015-10-19 00:00:00,2019-10-20 23:59:59,Jati Sidhu,H,42
Mississauga—Streetsville,Ontario,PLC,2015-10-19 00:00:00,2019-10-20 23:59:59,Gagan Sikand,H,42
Coast of Bays—Central—Notre Dame,Terre-Neuve-et-Labrador,PLC,2015-10-19 00:00:00,2019-10-20 23:59:59,Scott Simms,H,42
Burnaby-Sud,Colombie-Britannique,NPD,2019-02-25 00:00:00,2019-10-20 23:59:59,Jagmeet Singh,H,42
Edmonton Mill Woods,Alberta,PLC,2015-10-19 00:00:00,2019-10-20 23:59:59,Amarjeet Sohi,H,42
Dauphin—Swan River—Neepawa,Manitoba,PCC,2015-10-19 00:00:00,2019-10-20 23:59:59,Robert Sopuck,H,42
Vaughan—Woodbridge,Ontario,PLC,2015-10-19 00:00:00,2019-10-20 23:59:59,Francesco Sorbara,H,42
Battle River—Crowfoot,Alberta,PCC,2015-10-19 00:00:00,2019-10-20 23:59:59,Kevin Sorenson,H,42
Mississauga—Lakeshore,Ontario,PLC,2015-10-19 00:00:00,2019-10-20 23:59:59,Sven Spengemann,H,42
Simcoe-Nord,Ontario,PCC,2015-10-19 00:00:00,2019-10-20 23:59:59,Bruce Stanton,H,42
Joliette,Québec,BQ,2015-10-19 00:00:00,2019-10-20 23:59:59,Gabriel Ste-Marie,H,42
Kootenay—Columbia,Colombie-Britannique,NPD,2015-10-19 00:00:00,2019-10-20 23:59:59,Wayne Stetski,H,42
Burnaby-Sud,Colombie-Britannique,NPD,2015-10-19 00:00:00,2018-09-14 23:59:59,Kennedy Stewart,H,42
Chilliwack—Hope,Colombie-Britannique,PCC,2015-10-19 00:00:00,2019-10-20 23:59:59,Mark Strahl,H,42
Flamborough—Glanbrook,Ontario,PCC,2015-10-19 00:00:00,2019-10-20 23:59:59,David Sweet,H,42
Kitchener-Sud—Hespeler,Ontario,PLC,2015-10-19 00:00:00,2019-10-20 23:59:59,Marwan Tabbara,H,42
Don Valley-Nord,Ontario,PLC,2015-10-19 00:00:00,2019-10-20 23:59:59,Geng Tan,H,42
Montcalm,Québec,BQ,2015-10-19 00:00:00,2019-10-20 23:59:59,Luc Thériault,H,42
Dufferin—Caledon,Ontario,PCC,2015-10-19 00:00:00,2019-10-20 23:59:59,David Tilson,H,42
Nunavut,Nunavut,Ind.,2015-10-19 00:00:00,2019-10-20 23:59:59,Hunter Tootoo,H,42
Saskatoon—University,Saskatchewan,PCC,2015-10-19 00:00:00,2019-10-20 23:59:59,Brad Trost,H,42
Papineau,Québec,PLC,2015-10-19 00:00:00,2019-10-20 23:59:59,Justin Trudeau,H,42
Chatham-Kent—Leamington,Ontario,PCC,2015-10-19 00:00:00,2019-10-20 23:59:59,Dave Van Kesteren,H,42
York—Simcoe,Ontario,PCC,2015-10-19 00:00:00,2018-09-30 00:00:00,Peter Van Loan,H,42
Saint-Boniface—Saint-Vital,Manitoba,PLC,2015-10-19 00:00:00,2019-10-20 23:59:59,Dan Vandal,H,42
Spadina—Fort York,Ontario,PLC,2015-10-19 00:00:00,2019-10-20 23:59:59,Adam Vaughan,H,42
Peace River—Westlock,Alberta,PCC,2015-10-19 00:00:00,2019-10-20 23:59:59,Arnold Viersen,H,42
Parkdale—High Park,Ontario,PLC,2015-10-19 00:00:00,2019-10-20 23:59:59,Arif Virani,H,42
Langley—Aldergrove,Colombie-Britannique,PCC,2015-10-19 00:00:00,2019-06-20 23:59:59,Mark Warawa,H,42
Grande Prairie—Mackenzie,Alberta,PCC,2015-10-19 00:00:00,2019-10-20 23:59:59,Chris Warkentin,H,42
Saskatoon—Grasswood,Saskatchewan,PCC,2015-10-19 00:00:00,2019-10-20 23:59:59,Kevin Waugh,H,42
Calgary Confederation,Alberta,PCC,2015-10-19 00:00:00,2019-10-20 23:59:59,Len Webber,H,42
Regina—Lewvan,Saskatchewan,Ind.,2015-10-19 00:00:00,2019-10-20 23:59:59,Erin Weir,H,42
St. John's-Est,Terre-Neuve-et-Labrador,PLC,2015-10-19 00:00:00,2019-10-20 23:59:59,Nick Whalen,H,42
North Vancouver,Colombie-Britannique,PLC,2015-10-19 00:00:00,2019-10-20 23:59:59,Jonathan Wilkinson,H,42
Etobicoke-Centre,Ontario,PLC,2015-10-19 00:00:00,2019-10-20 23:59:59,Borys Wrzesnewskyj,H,42
Fort McMurray—Cold Lake,Alberta,PCC,2015-10-19 00:00:00,2019-10-20 23:59:59,David Yurdiga,H,42
Prince George—Peace River—Northern Rockies,Colombie-Britannique,PCC,2015-10-19 00:00:00,2019-10-20 23:59:59,Bob Zimmer,H,42
Aurora—Oak Ridges—Richmond Hill,Ontario,PCC,2015-10-19 00:00:00,2019-10-20 23:59:59,Leona Alleslev,F,42
Sturgeon River—Parkland,Alberta,PCC,2015-10-19 00:00:00,2017-07-04 23:59:59,Rona Ambrose,F,42
Churchill—Keewatinook Aski,Manitoba,NPD,2015-10-19 00:00:00,2019-10-20 23:59:59,Niki Ashton,F,42
Outremont,Québec,PLC,2019-02-25 00:00:00,2019-10-20 23:59:59,Rachel Bendayan,F,42
Toronto—St. Paul's,Ontario,PLC,2015-10-19 00:00:00,2019-10-20 23:59:59,Carolyn Bennett,F,42
Saskatoon-Ouest,Saskatchewan,NPD,2015-10-19 00:00:00,2019-10-20 23:59:59,Sheri Benson,F,42
Portage—Lisgar,Manitoba,PCC,2015-10-19 00:00:00,2019-10-20 23:59:59,Candice Bergen,F,42
Compton—Stanstead,Québec,PLC,2015-10-19 00:00:00,2019-10-20 23:59:59,Marie-Claude Bibeau,F,42
North Island—Powell River,Colombie-Britannique,NPD,2015-10-19 00:00:00,2019-10-20 23:59:59,Rachel Blaney,F,42
Sentier Carlton—Eagle Creek,Saskatchewan,PCC,2015-10-19 00:00:00,2019-10-20 23:59:59,Kelly Block,F,42
Beauport—Côte-de-Beaupré—Île d'Orléans—Charlevoix,Québec,PCC,2015-10-19 00:00:00,2019-10-20 23:59:59,Sylvie Boucher,F,42
Hochelaga,Québec,NPD,2015-10-19 00:00:00,2019-10-20 23:59:59,Marjolaine Boutin-Sweet,F,42
Berthier—Maskinongé,Québec,NPD,2015-10-19 00:00:00,2019-10-20 23:59:59,Ruth Ellen Brosseau,F,42
Whitby,Ontario,Ind.,2015-10-19 00:00:00,2019-10-20 23:59:59,Celina Caesar-Chavannes,F,42
Waterloo,Ontario,PLC,2015-10-19 00:00:00,2019-10-20 23:59:59,Bardish Chagger,F,42
Toronto—Danforth,Ontario,PLC,2015-10-19 00:00:00,2019-10-20 23:59:59,Julie Dabrusin,F,42
Oakville-Nord—Burlington,Ontario,PLC,2015-10-19 00:00:00,2019-10-20 23:59:59,Pam Damoff,F,42
Dorval—Lachine—LaSalle,Québec,PLC,2015-10-19 00:00:00,2019-10-20 23:59:59,Anju Dhillon,F,42
Etobicoke-Nord,Ontario,PLC,2015-10-19 00:00:00,2019-10-20 23:59:59,Kirsty Duncan,F,42
Edmonton Strathcona,Alberta,NPD,2015-10-19 00:00:00,2019-10-20 23:59:59,Linda Duncan,F,42
Davenport,Ontario,PLC,2015-10-19 00:00:00,2019-10-20 23:59:59,Julie Dzerowicz,F,42
Battlefords—Lloydminster,Saskatchewan,PCC,2017-12-11 00:00:00,2019-10-20 23:59:59,Rosemarie Falk,F,42
Haldimand—Norfolk,Ontario,PCC,2015-10-19 00:00:00,2019-10-20 23:59:59,Diane Finley,F,42
Bonavista—Burin—Trinity,Terre-Neuve-et-Labrador,PLC,2015-10-19 00:00:00,2017-09-30 23:59:59,Judy Foote,F,42
Ottawa—Vanier,Ontario,PLC,2017-04-03 00:00:00,2019-10-20 23:59:59,Mona Fortier,F,42
University—Rosedale,Ontario,PLC,2015-10-19 00:00:00,2019-10-20 23:59:59,Chrystia Freeland,F,42
Vancouver-Centre,Colombie-Britannique,PLC,2015-10-19 00:00:00,2019-10-20 23:59:59,Hedy Fry,F,42
Renfrew—Nipissing—Pembroke,Ontario,PCC,2015-10-19 00:00:00,2019-10-20 23:59:59,Cheryl Gallant,F,42
Manicouagan,Québec,BQ,2015-10-19 00:00:00,2019-10-20 23:59:59,Marilène Gill,F,42
Sarnia—Lambton,Ontario,PCC,2015-10-19 00:00:00,2019-10-20 23:59:59,Marilyn Gladu,F,42
West Vancouver—Sunshine Coast—Sea to Sky Country,Colombie-Britannique,PLC,2015-10-19 00:00:00,2019-10-20 23:59:59,Pamela Goldsmith-Jones,F,42
Burlington,Ontario,PLC,2015-10-19 00:00:00,2019-10-20 23:59:59,Karina Gould,F,42
Thunder Bay—Supérieur-Nord,Ontario,PLC,2015-10-19 00:00:00,2019-10-20 23:59:59,Patty Hajdu,F,42
Windsor—Tecumseh,Ontario,NPD,2015-10-19 00:00:00,2019-10-20 23:59:59,Cheryl Hardcastle,F,42
Algoma—Manitoulin—Kapuskasing,Ontario,NPD,2015-10-19 00:00:00,2019-10-20 23:59:59,Carol Hughes,F,42
Long Range Mountains,Terre-Neuve-et-Labrador,PLC,2015-10-19 00:00:00,2019-10-20 23:59:59,Gudie Hutchings,F,42
Desnethé—Missinippi—Rivière Churchill,Saskatchewan,NPD,2015-10-19 00:00:00,2019-10-20 23:59:59,Georgina Jolibois,F,42
Ahuntsic-Cartierville,Québec,PLC,2015-10-19 00:00:00,2019-10-20 23:59:59,Mélanie Joly,F,42
Labrador,Terre-Neuve-et-Labrador,PLC,2015-10-19 00:00:00,2019-10-20 23:59:59,Yvonne Jones,F,42
South Shore—St. Margarets,Nouvelle-Écosse,PLC,2015-10-19 00:00:00,2019-10-20 23:59:59,Bernadette Jordan,F,42
Mississauga—Erin Mills,Ontario,PLC,2015-10-19 00:00:00,2019-10-20 23:59:59,Iqra Khalid,F,42
Brampton-Ouest,Ontario,PLC,2015-10-19 00:00:00,2019-10-20 23:59:59,Kamal Khera,F,42
Calgary Midnapore,Alberta,PCC,2017-04-03 00:00:00,2019-10-20 23:59:59,Stephanie Kusie,F,42
Vancouver-Est,Colombie-Britannique,NPD,2015-10-19 00:00:00,2019-10-20 23:59:59,Jenny Kwan,F,42
Saint-Laurent,Québec,PLC,2017-04-03 00:00:00,2019-10-20 23:59:59,Emmanuella Lambropoulos,F,42
Rivière-des-Mille-Îles,Québec,PLC,2015-10-19 00:00:00,2019-10-20 23:59:59,Linda Lapointe,F,42
Laurier—Sainte-Marie,Québec,NPD,2015-10-19 00:00:00,2019-10-20 23:59:59,Hélène Laverdière,F,42
Gaspésie—Les Îles-de-la-Madeleine,Québec,PLC,2015-10-19 00:00:00,2019-10-20 23:59:59,Diane Lebouthillier,F,42
Simcoe—Grey,Ontario,PCC,2015-10-19 00:00:00,2019-10-20 23:59:59,K. Kellie Leitch,F,42
Fundy Royal,Nouveau-Brunswick,PLC,2015-10-19 00:00:00,2019-10-20 23:59:59,Alaina Lockhart,F,42
Nouveau-Brunswick-Sud-Ouest,Nouveau-Brunswick,PLC,2015-10-19 00:00:00,2019-10-20 23:59:59,Karen Ludwig,F,42
Nanaimo—Ladysmith,Colombie-Britannique,NPD,2015-10-19 00:00:00,2019-01-02 08:58:48,Sheila Malcolmson,F,42
London—Fanshawe,Ontario,NPD,2015-10-19 00:00:00,2019-10-20 23:59:59,Irene Mathyssen,F,42
Saanich—Gulf Islands,Colombie-Britannique,PV,2015-10-19 00:00:00,2019-10-20 23:59:59,Elizabeth May,F,42
Kanata—Carleton,Ontario,PLC,2015-10-19 00:00:00,2019-10-20 23:59:59,Karen McCrimmon,F,42
Ottawa-Centre,Ontario,PLC,2015-10-19 00:00:00,2019-10-20 23:59:59,Catherine McKenna,F,42
Kamloops—Thompson—Cariboo,Colombie-Britannique,PCC,2015-10-19 00:00:00,2019-10-20 23:59:59,Cathy McLeod,F,42
Brossard—Saint-Lambert,Québec,PLC,2015-10-19 00:00:00,2019-10-20 23:59:59,Alexandra Mendès,F,42
Kildonan—St. Paul,Manitoba,PLC,2015-10-19 00:00:00,2019-10-20 23:59:59,MaryAnn Mihychuk,F,42
Peterborough—Kawartha,Ontario,PLC,2015-10-19 00:00:00,2019-10-20 23:59:59,Maryam Monsef,F,42
Abitibi—Témiscamingue,Québec,NPD,2015-10-19 00:00:00,2019-10-20 23:59:59,Christine Moore,F,42
Vancouver Quadra,Colombie-Britannique,PLC,2015-10-19 00:00:00,2019-10-20 23:59:59,Joyce Murray,F,42
Vimy,Québec,PLC,2015-10-19 00:00:00,2019-10-20 23:59:59,Eva Nassif,F,42
Markham—Thornhill,Ontario,PLC,2017-04-03 00:00:00,2019-10-20 23:59:59,Mary Ng,F,42
Pickering—Uxbridge,Ontario,PLC,2015-10-19 00:00:00,2019-10-20 23:59:59,Jennifer O'Connell,F,42
Repentigny,Québec,BQ,2015-10-19 00:00:00,2019-10-20 23:59:59,Monique Pauzé,F,42
Moncton—Riverview—Dieppe,Nouveau-Brunswick,PLC,2015-10-19 00:00:00,2019-10-20 23:59:59,Ginette Petitpas Taylor,F,42
Markham—Stouffville,Ontario,Ind.,2015-10-19 00:00:00,2019-10-20 23:59:59,Jane Philpott,F,42
Salaberry—Suroît,Québec,NPD,2015-10-19 00:00:00,2019-10-20 23:59:59,Anne Minh-Thu Quach,F,42
Delta,Colombie-Britannique,PLC,2015-10-19 00:00:00,2019-10-20 23:59:59,Carla Qualtrough,F,42
Milton,Ontario,PCC,2015-10-19 00:00:00,2019-10-20 23:59:59,Lisa Raitt,F,42
Essex,Ontario,NPD,2015-10-19 00:00:00,2019-10-20 23:59:59,Tracey Ramsey,F,42
Don Valley-Est,Ontario,PLC,2015-10-19 00:00:00,2019-10-20 23:59:59,Yasmin Ratansi,F,42
Calgary Nose Hill,Alberta,PCC,2015-10-19 00:00:00,2019-10-20 23:59:59,Michelle Rempel,F,42
Longueuil—Charles-LeMoyne,Québec,PLC,2015-10-19 00:00:00,2019-10-20 23:59:59,Sherry Romanado,F,42
Northumberland—Peterborough-Sud,Ontario,PLC,2015-10-19 00:00:00,2019-10-20 23:59:59,Kim Rudd,F,42
Brampton-Nord,Ontario,PLC,2015-10-19 00:00:00,2019-10-20 23:59:59,Ruby Sahota,F,42
Saint-Hyacinthe—Bagot,Québec,NPD,2015-10-19 00:00:00,2019-10-20 23:59:59,Brigitte Sansoucy,F,42
King—Vaughan,Ontario,PLC,2015-10-19 00:00:00,2019-10-20 23:59:59,Deb Schulte,F,42
Humber River—Black Creek,Ontario,PLC,2015-10-19 00:00:00,2019-10-20 23:59:59,Judy A. Sgro,F,42
Châteauguay—Lacolle,Québec,PLC,2015-10-19 00:00:00,2019-10-20 23:59:59,Brenda Shanahan,F,42
Brampton-Sud,Ontario,PLC,2015-10-19 00:00:00,2019-10-20 23:59:59,Sonia Sidhu,F,42
Lakeland,Alberta,PCC,2015-10-19 00:00:00,2019-10-20 23:59:59,Shannon Stubbs,F,42
Hamilton-Ouest—Ancaster—Dundas,Ontario,PLC,2015-10-19 00:00:00,2019-10-20 23:59:59,Filomena Tassi,F,42
Lethbridge,Alberta,PCC,2015-10-19 00:00:00,2019-10-20 23:59:59,Rachael Thomas,F,42
Jonquière,Québec,NPD,2015-10-19 00:00:00,2019-10-20 23:59:59,Karine Trudel,F,42
Ottawa-Ouest—Nepean,Ontario,PLC,2015-10-19 00:00:00,2019-10-20 23:59:59,Anita Vandenbeld,F,42
Elgin—Middlesex—London,Ontario,PCC,2015-10-19 00:00:00,2019-10-20 23:59:59,Karen Vecchio,F,42
Yorkton—Melville,Saskatchewan,PCC,2015-10-19 00:00:00,2019-10-20 23:59:59,Cathay Wagantall,F,42
Surrey-Sud—White Rock,Colombie-Britannique,PCC,2015-10-19 00:00:00,2017-09-29 23:59:59,Dianne L. Watts,F,42
Vancouver Granville,Colombie-Britannique,Ind.,2015-10-19 00:00:00,2019-10-20 23:59:59,Jody Wilson-Raybould,F,42
Richmond-Centre,Colombie-Britannique,PCC,2015-10-19 00:00:00,2019-10-20 23:59:59,Alice Wong,F,42
Scarborough—Agincourt,Ontario,PLC,2017-12-11 00:00:00,2019-10-20 23:59:59,Jean Yip,F,42
London-Ouest,Ontario,PLC,2015-10-19 00:00:00,2019-10-20 23:59:59,Kate Young,F,42
Scarborough-Centre,Ontario,PLC,2015-10-19 00:00:00,2019-10-20 23:59:59,Salma Zahid,F,42
Edmonton Manning,Alberta,PCC,2019-10-21 00:00:00,2021-09-19 23:59:59,Ziad Aboultaif,H,43
Parry Sound—Muskoka,Ontario,PCC,2019-10-21 00:00:00,2021-09-19 23:59:59,Scott Aitchison,H,43
Central Okanagan—Similkameen—Nicola,Colombie-Britannique,PCC,2019-10-21 00:00:00,2021-09-19 23:59:59,Dan Albas,H,43
Mississauga-Centre,Ontario,PLC,2019-10-21 00:00:00,2021-09-19 23:59:59,Omar Alghabra,H,43
Niagara-Ouest,Ontario,PCC,2019-10-21 00:00:00,2021-09-19 23:59:59,Dean Allison,H,43
Pontiac,Québec,PLC,2019-10-21 00:00:00,2021-09-19 23:59:59,William Amos,H,43
Scarborough—Rouge Park,Ontario,PLC,2019-10-21 00:00:00,2021-09-19 23:59:59,Gary Anandasangaree,H,43
Timmins—Baie James,Ontario,NPD,2019-10-21 00:00:00,2021-09-19 23:59:59,Charlie Angus,H,43
North Okanagan—Shuswap,Colombie-Britannique,PCC,2019-10-21 00:00:00,2021-09-19 23:59:59,Mel Arnold,H,43
Madawaska—Restigouche,Nouveau-Brunswick,PLC,2019-10-21 00:00:00,2021-09-19 23:59:59,René Arseneault,H,43
Nepean,Ontario,PLC,2019-10-21 00:00:00,2021-09-19 23:59:59,Chandra Arya,H,43
Skeena—Bulkley Valley,Colombie-Britannique,NPD,2019-10-21 00:00:00,2021-09-19 23:59:59,Taylor Bachrach,H,43
Niagara-Centre,Ontario,PLC,2019-10-21 00:00:00,2021-09-19 23:59:59,Vance Badawey,H,43
Yukon,Yukon,PLC,2019-10-21 00:00:00,2021-09-19 23:59:59,Larry Bagnell,H,43
Mississauga—Malton,Ontario,PLC,2019-10-21 00:00:00,2021-09-19 23:59:59,Navdeep Bains,H,43
Etobicoke-Centre,Ontario,PLC,2019-10-21 00:00:00,2021-09-19 23:59:59,Yvan Baker,H,43
Niagara Falls,Ontario,PCC,2019-10-21 00:00:00,2021-09-19 23:59:59,Tony Baldinelli,H,43
Foothills,Alberta,PCC,2019-10-21 00:00:00,2021-09-19 23:59:59,John Barlow,H,43
Leeds—Grenville—Thousand Islands et Rideau Lakes,Ontario,PCC,2019-10-21 00:00:00,2021-09-19 23:59:59,Michael Barrett,H,43
Pierre-Boucher—Les Patriotes—Verchères,Québec,BQ,2019-10-21 00:00:00,2021-09-19 23:59:59,Xavier Barsalou-Duval,H,43
Sydney—Victoria,Nouvelle-Écosse,PLC,2019-10-21 00:00:00,2021-09-19 23:59:59,Jaime Battiste,H,43
La Pointe-de-l'Île,Québec,BQ,2019-10-21 00:00:00,2021-09-19 23:59:59,Mario Beaulieu,H,43
Burnaby-Nord—Seymour,Colombie-Britannique,PLC,2019-10-21 00:00:00,2021-09-19 23:59:59,Terry Beech,H,43
Calgary Heritage,Alberta,PCC,2019-10-21 00:00:00,2021-09-19 23:59:59,Bob Benzen,H,43
Montarville,Québec,BQ,2019-10-21 00:00:00,2021-09-19 23:59:59,Stéphane Bergeron,H,43
Mégantic—L'Érable,Québec,PCC,2019-10-21 00:00:00,2021-09-19 23:59:59,Luc Berthold,H,43
Selkirk—Interlake—Eastman,Manitoba,PCC,2019-10-21 00:00:00,2021-09-19 23:59:59,James Bezan,H,43
St. Catharines,Ontario,PLC,2019-10-21 00:00:00,2021-09-19 23:59:59,Chris Bittle,H,43
Elmwood—Transcona,Manitoba,NPD,2019-10-21 00:00:00,2021-09-19 23:59:59,Daniel Blaikie,H,43
Scarborough-Sud-Ouest,Ontario,PLC,2019-10-21 00:00:00,2021-09-19 23:59:59,Bill Blair,H,43
Beloeil—Chambly,Québec,BQ,2019-10-21 00:00:00,2021-09-19 23:59:59,Yves-François Blanchet,H,43
Rimouski-Neigette—Témiscouata—Les Basques,Québec,BQ,2019-10-21 00:00:00,2021-09-19 23:59:59,Maxime Blanchette-Joncas,H,43
Bellechasse—Les Etchemins—Lévis,Québec,PCC,2019-10-21 00:00:00,2021-09-19 23:59:59,Steven Blaney,H,43
Kings—Hants,Nouvelle-Écosse,PLC,2019-10-21 00:00:00,2021-09-19 23:59:59,Kody Blois,H,43
Terrebonne,Québec,BQ,2019-10-21 00:00:00,2021-09-19 23:59:59,Michel Boudrias,H,43
Rosemont—La Petite-Patrie,Québec,NPD,2019-10-21 00:00:00,2021-09-19 23:59:59,Alexandre Boulerice,H,43
Tobique—Mactaquac,Nouveau-Brunswick,PCC,2019-10-21 00:00:00,2021-09-19 23:59:59,Richard Bragdon,H,43
Barrie—Innisfil,Ontario,PCC,2019-10-21 00:00:00,2021-09-19 23:59:59,John Brassard,H,43
Hamilton-Est—Stoney Creek,Ontario,PLC,2019-10-21 00:00:00,2021-09-19 23:59:59,Bob Bratina,H,43
Lac-Saint-Jean,Québec,BQ,2019-10-21 00:00:00,2021-09-19 23:59:59,Alexis Brunelle-Duceppe,H,43
Red Deer—Lacombe,Alberta,PCC,2019-10-21 00:00:00,2021-09-19 23:59:59,Blaine Calkins,H,43
Okanagan-Sud—Kootenay-Ouest,Colombie-Britannique,NPD,2019-10-21 00:00:00,2021-09-19 23:59:59,Richard Cannings,H,43
Winnipeg-Centre-Sud,Manitoba,PLC,2019-10-21 00:00:00,2021-09-19 23:59:59,Jim Carr,H,43
Oshawa,Ontario,PCC,2019-10-21 00:00:00,2021-09-19 23:59:59,Colin Carrie,H,43
Charlottetown,Île-du-Prince-Édouard,PLC,2019-10-21 00:00:00,2021-09-19 23:59:59,Sean Casey,H,43
Saint-Maurice—Champlain,Québec,PLC,2019-10-21 00:00:00,2021-09-19 23:59:59,François-Philippe Champagne,H,43
Drummond,Québec,BQ,2019-10-21 00:00:00,2021-09-19 23:59:59,Martin Champoux,H,43
Scarborough-Nord,Ontario,PLC,2019-10-21 00:00:00,2021-09-19 23:59:59,Shaun Chen,H,43
Steveston—Richmond-Est,Colombie-Britannique,PCC,2019-10-21 00:00:00,2021-09-19 23:59:59,Kenny Chiu,H,43
Wellington—Halton Hills,Ontario,PCC,2019-10-21 00:00:00,2021-09-19 23:59:59,Michael Chong,H,43
St. Albert—Edmonton,Alberta,PCC,2019-10-21 00:00:00,2021-09-19 23:59:59,Michael Cooper,H,43
Acadie—Bathurst,Nouveau-Brunswick,PLC,2019-10-21 00:00:00,2021-09-19 23:59:59,Serge Cormier,H,43
Edmonton-Centre,Alberta,PCC,2019-10-21 00:00:00,2021-09-19 23:59:59,James Cumming,H,43
Pitt Meadows—Maple Ridge,Colombie-Britannique,PCC,2019-10-21 00:00:00,2021-09-19 23:59:59,Marc Dalton,H,43
York—Simcoe,Ontario,PCC,2019-10-21 00:00:00,2021-09-19 23:59:59,Scot Davidson,H,43
Vancouver Kingsway,Colombie-Britannique,NPD,2019-10-21 00:00:00,2021-09-19 23:59:59,Don Davies,H,43
Louis-Saint-Laurent,Québec,PCC,2019-10-21 00:00:00,2021-09-19 23:59:59,Gérard Deltell,H,43
Nova-Ouest,Nouvelle-Écosse,PCC,2019-10-21 00:00:00,2021-09-19 23:59:59,Chris d'Entremont,H,43
Rivière-des-Mille-Îles,Québec,BQ,2019-10-21 00:00:00,2021-09-19 23:59:59,Luc Desilets,H,43
Surrey—Newton,Colombie-Britannique,PLC,2019-10-21 00:00:00,2021-09-19 23:59:59,Sukh Dhaliwal,H,43
Edmonton Griesbach,Alberta,PCC,2019-10-21 00:00:00,2021-09-19 23:59:59,Kerry Diotte,H,43
Cariboo—Prince George,Colombie-Britannique,PCC,2019-10-21 00:00:00,2021-09-19 23:59:59,Todd Doherty,H,43
Don Valley-Nord,Ontario,PLC,2019-10-21 00:00:00,2021-09-19 23:59:59,Han Dong,H,43
Simcoe—Grey,Ontario,PCC,2019-10-21 00:00:00,2021-09-19 23:59:59,Terry Dowdall,H,43
Red Deer—Mountain View,Alberta,PCC,2019-10-21 00:00:00,2021-09-19 23:59:59,Earl Dreeshen,H,43
Glengarry—Prescott—Russell,Ontario,PLC,2019-10-21 00:00:00,2021-09-19 23:59:59,Francis Drouin,H,43
Bourassa,Québec,PLC,2019-10-21 00:00:00,2021-09-19 23:59:59,Emmanuel Dubourg,H,43
Québec,Québec,PLC,2019-10-21 00:00:00,2021-09-19 23:59:59,Jean-Yves Duclos,H,43
Winnipeg-Sud,Manitoba,PLC,2019-10-21 00:00:00,2021-09-19 23:59:59,Terry Duguid,H,43
Stormont—Dundas—South Glengarry,Ontario,PCC,2019-10-21 00:00:00,2021-09-19 23:59:59,Eric Duncan,H,43
Hamilton Mountain,Ontario,NPD,2019-10-21 00:00:00,2021-09-19 23:59:59,Scott Duvall,H,43
Malpeque,Île-du-Prince-Édouard,PLC,2019-10-21 00:00:00,2021-09-19 23:59:59,Wayne Easter,H,43
Willowdale,Ontario,PLC,2019-10-21 00:00:00,2021-09-19 23:59:59,Ali Ehsassi,H,43
Laval—Les Îles,Québec,PLC,2019-10-21 00:00:00,2021-09-19 23:59:59,Fayçal El-Khoury,H,43
Baie de Quinte,Ontario,PLC,2019-10-21 00:00:00,2021-09-19 23:59:59,Neil Ellis,H,43
Chatham-Kent—Leamington,Ontario,PCC,2019-10-21 00:00:00,2021-09-19 23:59:59,Dave Epp,H,43
Beaches—East York,Ontario,PLC,2019-10-21 00:00:00,2021-09-19 23:59:59,Nathaniel Erskine-Smith,H,43
Provencher,Manitoba,PCC,2019-10-21 00:00:00,2021-09-19 23:59:59,Ted Falk,H,43
Abbotsford,Colombie-Britannique,PCC,2019-10-21 00:00:00,2021-09-19 23:59:59,Ed Fast,H,43
Hull—Aylmer,Québec,PLC,2019-10-21 00:00:00,2021-09-19 23:59:59,Greg Fergus,H,43
Halifax,Nouvelle-Écosse,PLC,2019-10-21 00:00:00,2021-09-19 23:59:59,Andy Fillmore,H,43
Miramichi—Grand Lake,Nouveau-Brunswick,PLC,2019-10-21 00:00:00,2021-09-19 23:59:59,Pat Finnigan,H,43
Dartmouth—Cole Harbour,Nouvelle-Écosse,PLC,2019-10-21 00:00:00,2021-09-19 23:59:59,Darren Fisher,H,43
Mississauga-Est—Cooksville,Ontario,PLC,2019-10-21 00:00:00,2021-09-19 23:59:59,Peter Fonseca,H,43
Rivière-du-Nord,Québec,BQ,2019-10-21 00:00:00,2021-09-19 23:59:59,Rhéal Fortin,H,43
London-Centre-Nord,Ontario,PLC,2019-10-21 00:00:00,2021-09-19 23:59:59,Peter Fragiskatos,H,43
Nova-Centre,Nouvelle-Écosse,PLC,2019-10-21 00:00:00,2021-09-19 23:59:59,Sean Fraser,H,43
Notre-Dame-de-Grâce—Westmount,Québec,PLC,2019-10-21 00:00:00,2021-09-19 23:59:59,Marc Garneau,H,43
Esquimalt—Saanich—Sooke,Colombie-Britannique,NPD,2019-10-21 00:00:00,2021-09-19 23:59:59,Randall Garrison,H,43
Montmagny—L'Islet—Kamouraska—Rivière-du-Loup,Québec,PCC,2019-10-21 00:00:00,2021-09-19 23:59:59,Bernard Généreux,H,43
Sherwood Park—Fort Saskatchewan,Alberta,PCC,2019-10-21 00:00:00,2021-09-19 23:59:59,Garnett Genuis,H,43
Kingston et les Îles,Ontario,PLC,2019-10-21 00:00:00,2021-09-19 23:59:59,Mark Gerretsen,H,43
Portneuf—Jacques-Cartier,Québec,PCC,2019-10-21 00:00:00,2021-09-19 23:59:59,Joël Godin,H,43
Lévis—Lotbinière,Québec,PCC,2019-10-21 00:00:00,2021-09-19 23:59:59,Jacques Gourde,H,43
Hamilton-Centre,Ontario,NPD,2019-10-21 00:00:00,2021-09-19 23:59:59,Matthew Green,H,43
Laurier—Sainte-Marie,Québec,PLC,2019-10-21 00:00:00,2021-09-19 23:59:59,Steven Guilbeault,H,43
Calgary Forest Lawn,Alberta,PCC,2019-10-21 00:00:00,2021-09-19 23:59:59,Jasraj Singh Hallan,H,43
Fleetwood—Port Kells,Colombie-Britannique,PLC,2019-10-21 00:00:00,2021-09-19 23:59:59,Ken Hardie,H,43
St. John's-Est,Terre-Neuve-et-Labrador,NPD,2019-10-21 00:00:00,2021-09-19 23:59:59,Jack Harris,H,43
Prince Albert,Saskatchewan,PCC,2019-10-21 00:00:00,2021-09-19 23:59:59,Randy Hoback,H,43
Ajax,Ontario,PLC,2019-10-21 00:00:00,2021-09-19 23:59:59,Mark Holland,H,43
Mont-Royal,Québec,PLC,2019-10-21 00:00:00,2021-09-19 23:59:59,Anthony Housefather,H,43
York-Sud—Weston,Ontario,PLC,2019-10-21 00:00:00,2021-09-19 23:59:59,Ahmed Hussen,H,43
Alfred-Pellan,Québec,PLC,2019-10-21 00:00:00,2021-09-19 23:59:59,Angelo Iacono,H,43
Edmonton Riverbend,Alberta,PCC,2019-10-21 00:00:00,2021-09-19 23:59:59,Matt Jeneroux,H,43
Courtenay—Alberni,Colombie-Britannique,NPD,2019-10-21 00:00:00,2021-09-19 23:59:59,Gord Johns,H,43
Richmond Hill,Ontario,PLC,2019-10-21 00:00:00,2021-09-19 23:59:59,Majid Jowhari,H,43
New Westminster—Burnaby,Colombie-Britannique,NPD,2019-10-21 00:00:00,2021-09-19 23:59:59,Peter Julian,H,43
Cape Breton—Canso,Nouvelle-Écosse,PLC,2019-10-21 00:00:00,2021-09-19 23:59:59,Mike Kelloway,H,43
Calgary Rocky Ridge,Alberta,PCC,2019-10-21 00:00:00,2021-09-19 23:59:59,Pat Kelly,H,43
Thornhill,Ontario,PCC,2019-10-21 00:00:00,2021-09-19 23:59:59,Peter Kent,H,43
Souris—Moose Mountain,Saskatchewan,PCC,2019-10-21 00:00:00,2021-09-19 23:59:59,Robert Kitchen,H,43
Calgary Shepard,Alberta,PCC,2019-10-21 00:00:00,2021-09-19 23:59:59,Tom Kmiec,H,43
Regina—Wascana,Saskatchewan,PCC,2019-10-21 00:00:00,2021-09-19 23:59:59,Michael Kram,H,43
Battle River—Crowfoot,Alberta,PCC,2019-10-21 00:00:00,2021-09-19 23:59:59,Damien Kurek,H,43
Windsor—Tecumseh,Ontario,PLC,2019-10-21 00:00:00,2021-09-19 23:59:59,Irek Kusmierczyk,H,43
Edmonton—Wetaskiwin,Alberta,PCC,2019-10-21 00:00:00,2021-09-19 23:59:59,Mike Lake,H,43
LaSalle—Émard—Verdun,Québec,PLC,2019-10-21 00:00:00,2021-09-19 23:59:59,David Lametti,H,43
Winnipeg-Nord,Manitoba,PLC,2019-10-21 00:00:00,2021-09-19 23:59:59,Kevin Lamoureux,H,43
Argenteuil—La Petite-Nation,Québec,PLC,2019-10-21 00:00:00,2021-09-19 23:59:59,Stéphane Lauzon,H,43
Northumberland—Peterborough-Sud,Ontario,PCC,2019-10-21 00:00:00,2021-09-19 23:59:59,Philip Lawrence,H,43
Beauséjour,Nouveau-Brunswick,PLC,2019-10-21 00:00:00,2021-09-19 23:59:59,Dominic LeBlanc,H,43
Sudbury,Ontario,PLC,2019-10-21 00:00:00,2021-09-19 23:59:59,Paul Lefebvre,H,43
Beauce,Québec,PCC,2019-10-21 00:00:00,2021-09-19 23:59:59,Richard Lehoux,H,43
Abitibi—Témiscamingue,Québec,BQ,2019-10-21 00:00:00,2021-09-19 23:59:59,Sébastien Lemire,H,43
York-Centre,Ontario,PLC,2019-10-21 00:00:00,2020-09-01 09:00:00,Michael Levitt,H,43
Essex,Ontario,PCC,2019-10-21 00:00:00,2021-09-19 23:59:59,Chris Lewis,H,43
Calgary Signal Hill,Alberta,PCC,2019-10-21 00:00:00,2021-09-19 23:59:59,Ron Liepert,H,43
Louis-Hébert,Québec,PLC,2019-10-21 00:00:00,2021-09-19 23:59:59,Joël Lightbound,H,43
Sturgeon River—Parkland,Alberta,PCC,2019-10-21 00:00:00,2021-09-19 23:59:59,Dane Lloyd,H,43
Huron—Bruce,Ontario,PCC,2019-10-21 00:00:00,2021-09-19 23:59:59,Ben Lobb,H,43
Saint John—Rothesay,Nouveau-Brunswick,PLC,2019-10-21 00:00:00,2021-09-19 23:59:59,Wayne Long,H,43
Guelph,Ontario,PLC,2019-10-21 00:00:00,2021-09-19 23:59:59,Lloyd Longfield,H,43
Kitchener—Conestoga,Ontario,PLC,2019-10-21 00:00:00,2021-09-19 23:59:59,Tim Louis,H,43
Moose Jaw—Lake Centre—Lanigan,Saskatchewan,PCC,2019-10-21 00:00:00,2021-09-19 23:59:59,Tom Lukiwski,H,43
Cardigan,Île-du-Prince-Édouard,PLC,2019-10-21 00:00:00,2021-09-19 23:59:59,Lawrence MacAulay,H,43
Cowichan—Malahat—Langford,Colombie-Britannique,NPD,2019-10-21 00:00:00,2021-09-19 23:59:59,Alistair MacGregor,H,43
Oxford,Ontario,PCC,2019-10-21 00:00:00,2021-09-19 23:59:59,Dave MacKenzie,H,43
Gatineau,Québec,PLC,2019-10-21 00:00:00,2021-09-19 23:59:59,Steven MacKinnon,H,43
Brandon—Souris,Manitoba,PCC,2019-10-21 00:00:00,2021-09-19 23:59:59,Larry Maguire,H,43
Etobicoke—Lakeshore,Ontario,PLC,2019-10-21 00:00:00,2021-09-19 23:59:59,James Maloney,H,43
Nanaimo—Ladysmith,Colombie-Britannique,PV,2019-10-21 00:00:00,2021-09-19 23:59:59,Paul Manly,H,43
Mirabel,Québec,BQ,2019-10-21 00:00:00,2021-09-19 23:59:59,Simon Marcil,H,43
Chicoutimi—Le Fjord,Québec,PCC,2019-10-21 00:00:00,2021-09-19 23:59:59,Richard Martel,H,43
Windsor-Ouest,Ontario,NPD,2019-10-21 00:00:00,2021-09-19 23:59:59,Brian Masse,H,43
Cambridge,Ontario,PLC,2019-10-21 00:00:00,2021-09-19 23:59:59,Bryan May,H,43
Dauphin—Swan River—Neepawa,Manitoba,PCC,2019-10-21 00:00:00,2021-09-19 23:59:59,Dan Mazier,H,43
Edmonton-Ouest,Alberta,PCC,2019-10-21 00:00:00,2021-09-19 23:59:59,Kelly McCauley,H,43
Brantford—Brant,Ontario,PCC,2019-10-21 00:00:00,2021-09-19 23:59:59,Phil McColeman,H,43
Avalon,Terre-Neuve-et-Labrador,PLC,2019-10-21 00:00:00,2021-09-19 23:59:59,Ken McDonald,H,43
Ottawa-Sud,Ontario,PLC,2019-10-21 00:00:00,2021-09-19 23:59:59,David McGuinty,H,43
Scarborough—Guildwood,Ontario,PLC,2019-10-21 00:00:00,2021-09-19 23:59:59,John McKay,H,43
Coquitlam—Port Coquitlam,Colombie-Britannique,PLC,2019-10-21 00:00:00,2021-09-19 23:59:59,Ron McKinnon,H,43
Calgary-Centre,Alberta,PCC,2019-10-21 00:00:00,2021-09-19 23:59:59,Greg McLean,H,43
Territoires du Nord-Ouest,Territoires du Nord-Ouest,PLC,2019-10-21 00:00:00,2021-09-19 23:59:59,Michael McLeod,H,43
Kenora,Ontario,PCC,2019-10-21 00:00:00,2021-09-19 23:59:59,Eric Melillo,H,43
Eglinton—Lawrence,Ontario,PLC,2019-10-21 00:00:00,2021-09-19 23:59:59,Marco Mendicino,H,43
Ville-Marie—Le Sud-Ouest—Île-des-Soeurs,Québec,PLC,2019-10-21 00:00:00,2021-09-19 23:59:59,Marc Miller,H,43
Fundy Royal,Nouveau-Brunswick,PCC,2019-10-21 00:00:00,2021-09-19 23:59:59,Rob Moore,H,43
Charleswood—St. James—Assiniboia—Headingley,Manitoba,PCC,2019-10-21 00:00:00,2021-09-19 23:59:59,Marty Morantz,H,43
Toronto-Centre,Ontario,PLC,2019-10-21 00:00:00,2020-08-21 11:30:05,Bill Morneau,H,43
Kootenay—Columbia,Colombie-Britannique,PCC,2019-10-21 00:00:00,2021-09-19 23:59:59,Rob Morrison,H,43
Egmont,Île-du-Prince-Édouard,PLC,2019-10-21 00:00:00,2021-09-19 23:59:59,Robert Morrissey,H,43
Medicine Hat—Cardston—Warner,Alberta,PCC,2019-10-21 00:00:00,2021-09-19 23:59:59,Glen Motz,H,43
Perth—Wellington,Ontario,PCC,2019-10-21 00:00:00,2021-09-19 23:59:59,John Nater,H,43
Don Valley-Ouest,Ontario,PLC,2019-10-21 00:00:00,2021-09-19 23:59:59,Robert Oliphant,H,43
St. John's-Sud—Mount Pearl,Terre-Neuve-et-Labrador,PLC,2019-10-21 00:00:00,2021-09-19 23:59:59,Seamus O'Regan,H,43
Durham,Ontario,PCC,2019-10-21 00:00:00,2021-09-19 23:59:59,Erin O'Toole,H,43
Cypress Hills—Grasslands,Saskatchewan,PCC,2019-10-21 00:00:00,2021-09-19 23:59:59,Jeremy Patzer,H,43
Charlesbourg—Haute-Saint-Charles,Québec,PCC,2019-10-21 00:00:00,2021-09-19 23:59:59,Pierre Paul-Hus,H,43
Berthier—Maskinongé,Québec,BQ,2019-10-21 00:00:00,2021-09-19 23:59:59,Yves Perron,H,43
Bécancour—Nicolet—Saurel,Québec,BQ,2019-10-21 00:00:00,2021-09-19 23:59:59,Louis Plamondon,H,43
Carleton,Ontario,PCC,2019-10-21 00:00:00,2021-09-19 23:59:59,Pierre Poilievre,H,43
Thunder Bay—Rainy River,Ontario,PLC,2019-10-21 00:00:00,2021-09-19 23:59:59,Marcus Powlowski,H,43
Richmond—Arthabaska,Québec,PCC,2019-10-21 00:00:00,2021-09-19 23:59:59,Alain Rayes,H,43
Saskatoon-Ouest,Saskatchewan,PCC,2019-10-21 00:00:00,2021-09-19 23:59:59,Brad Redekopp,H,43
Halifax-Ouest,Nouvelle-Écosse,PLC,2019-10-21 00:00:00,2021-09-19 23:59:59,Geoff Regan,H,43
Lanark—Frontenac—Kingston,Ontario,PCC,2019-10-21 00:00:00,2021-09-19 23:59:59,Scott Reid,H,43
Banff—Airdrie,Alberta,PCC,2019-10-21 00:00:00,2021-09-19 23:59:59,Blake Richards,H,43
Marc-Aurèle-Fortin,Québec,PLC,2019-10-21 00:00:00,2021-09-19 23:59:59,Yves Robillard,H,43
Honoré-Mercier,Québec,PLC,2019-10-21 00:00:00,2021-09-19 23:59:59,Pablo Rodriguez,H,43
Bonavista—Burin—Trinity,Terre-Neuve-et-Labrador,PLC,2019-10-21 00:00:00,2021-09-19 23:59:59,Churence Rogers,H,43
Nipissing—Timiskaming,Ontario,PLC,2019-10-21 00:00:00,2021-09-19 23:59:59,Anthony Rota,H,43
Bruce—Grey—Owen Sound,Ontario,PCC,2019-10-21 00:00:00,2021-09-19 23:59:59,Alex Ruff,H,43
Kitchener-Centre,Ontario,PLC,2019-10-21 00:00:00,2021-09-19 23:59:59,Raj Saini,H,43
Vancouver-Sud,Colombie-Britannique,PLC,2019-10-21 00:00:00,2021-09-19 23:59:59,Harjit S. Sajjan,H,43
Sackville—Preston—Chezzetcook,Nouvelle-Écosse,PLC,2019-10-21 00:00:00,2021-09-19 23:59:59,Darrell Samson,H,43
Brampton-Centre,Ontario,Ind.,2019-10-21 00:00:00,2021-09-19 23:59:59,Ramesh Sangha,H,43
Surrey-Centre,Colombie-Britannique,PLC,2019-10-21 00:00:00,2021-09-19 23:59:59,Randeep Sarai,H,43
Markham—Unionville,Ontario,PCC,2019-10-21 00:00:00,2021-09-19 23:59:59,Bob Saroya,H,43
Saint-Hyacinthe—Bagot,Québec,BQ,2019-10-21 00:00:00,2021-09-19 23:59:59,Simon-Pierre Savard-Tremblay,H,43
Lac-Saint-Louis,Québec,PLC,2019-10-21 00:00:00,2021-09-19 23:59:59,Francis Scarpaleggia,H,43
Regina—Qu'Appelle,Saskatchewan,PCC,2019-10-21 00:00:00,2021-09-19 23:59:59,Andrew Scheer,H,43
Vaudreuil—Soulanges,Québec,PLC,2019-10-21 00:00:00,2021-09-19 23:59:59,Peter Schiefke,H,43
Haliburton—Kawartha Lakes—Brock,Ontario,PCC,2019-10-21 00:00:00,2021-09-19 23:59:59,Jamie Schmale,H,43
Dufferin—Caledon,Ontario,PCC,2019-10-21 00:00:00,2021-09-19 23:59:59,Kyle Seeback,H,43
Nickel Belt,Ontario,PLC,2019-10-21 00:00:00,2021-09-19 23:59:59,Marc Serré,H,43
Sault Ste. Marie,Ontario,PLC,2019-10-21 00:00:00,2021-09-19 23:59:59,Terry Sheehan,H,43
Bow River,Alberta,PCC,2019-10-21 00:00:00,2021-09-19 23:59:59,Martin Shields,H,43
Barrie—Springwater—Oro-Medonte,Ontario,PCC,2019-10-21 00:00:00,2021-09-19 23:59:59,Doug Shipley,H,43
Brampton-Est,Ontario,PLC,2019-10-21 00:00:00,2021-09-19 23:59:59,Maninder Sidhu,H,43
Mississauga—Streetsville,Ontario,PLC,2019-10-21 00:00:00,2021-09-19 23:59:59,Gagan Sikand,H,43
Jonquière,Québec,BQ,2019-10-21 00:00:00,2021-09-19 23:59:59,Mario Simard,H,43
Coast of Bays—Central—Notre Dame,Terre-Neuve-et-Labrador,PLC,2019-10-21 00:00:00,2021-09-19 23:59:59,Scott Simms,H,43
Burnaby-Sud,Colombie-Britannique,NPD,2019-10-21 00:00:00,2021-09-19 23:59:59,Jagmeet Singh,H,43
Hastings—Lennox and Addington,Ontario,Ind.,2019-10-21 00:00:00,2021-09-19 23:59:59,Derek Sloan,H,43
Vaughan—Woodbridge,Ontario,PLC,2019-10-21 00:00:00,2021-09-19 23:59:59,Francesco Sorbara,H,43
Yellowhead,Alberta,PCC,2019-10-21 00:00:00,2021-09-19 23:59:59,Gerald Soroka,H,43
Mississauga—Lakeshore,Ontario,PLC,2019-10-21 00:00:00,2021-09-19 23:59:59,Sven Spengemann,H,43
Simcoe-Nord,Ontario,PCC,2019-10-21 00:00:00,2021-09-19 23:59:59,Bruce Stanton,H,43
Regina—Lewvan,Saskatchewan,PCC,2019-10-21 00:00:00,2021-09-19 23:59:59,Warren Steinley,H,43
Joliette,Québec,BQ,2019-10-21 00:00:00,2021-09-19 23:59:59,Gabriel Ste-Marie,H,43
Chilliwack—Hope,Colombie-Britannique,PCC,2019-10-21 00:00:00,2021-09-19 23:59:59,Mark Strahl,H,43
Flamborough—Glanbrook,Ontario,PCC,2019-10-21 00:00:00,2021-09-19 23:59:59,David Sweet,H,43
Kitchener-Sud—Hespeler,Ontario,Ind.,2019-10-21 00:00:00,2021-09-19 23:59:59,Marwan Tabbara,H,43
Montcalm,Québec,BQ,2019-10-21 00:00:00,2021-09-19 23:59:59,Luc Thériault,H,43
La Prairie,Québec,BQ,2019-10-21 00:00:00,2021-09-19 23:59:59,Alain Therrien,H,43
Saskatoon—University,Saskatchewan,PCC,2019-10-21 00:00:00,2021-09-19 23:59:59,Corey Tochor,H,43
Papineau,Québec,PLC,2019-10-21 00:00:00,2021-09-19 23:59:59,Justin Trudeau,H,43
Longueuil—Saint-Hubert,Québec,BQ,2019-10-21 00:00:00,2021-09-19 23:59:59,Denis Trudel,H,43
Whitby,Ontario,PLC,2019-10-21 00:00:00,2021-09-19 23:59:59,Ryan Turnbull,H,43
Edmonton Mill Woods,Alberta,PCC,2019-10-21 00:00:00,2021-09-19 23:59:59,Tim Uppal,H,43
Newmarket—Aurora,Ontario,PLC,2019-10-21 00:00:00,2021-09-19 23:59:59,Tony Van Bynen,H,43
Milton,Ontario,PLC,2019-10-21 00:00:00,2021-09-19 23:59:59,Adam van Koeverden,H,43
Langley—Aldergrove,Colombie-Britannique,PCC,2019-10-21 00:00:00,2021-09-19 23:59:59,Tako Van Popta,H,43
Saint-Boniface—Saint-Vital,Manitoba,PLC,2019-10-21 00:00:00,2021-09-19 23:59:59,Dan Vandal,H,43
Spadina—Fort York,Ontario,PLC,2019-10-21 00:00:00,2021-09-19 23:59:59,Adam Vaughan,H,43
Desnethé—Missinippi—Rivière Churchill,Saskatchewan,PCC,2019-10-21 00:00:00,2021-09-19 23:59:59,Gary Vidal,H,43
Peace River—Westlock,Alberta,PCC,2019-10-21 00:00:00,2021-09-19 23:59:59,Arnold Viersen,H,43
Parkdale—High Park,Ontario,PLC,2019-10-21 00:00:00,2021-09-19 23:59:59,Arif Virani,H,43
Mission—Matsqui—Fraser Canyon,Colombie-Britannique,PCC,2019-10-21 00:00:00,2021-09-19 23:59:59,Brad Vis,H,43
Grande Prairie—Mackenzie,Alberta,PCC,2019-10-21 00:00:00,2021-09-19 23:59:59,Chris Warkentin,H,43
Saskatoon—Grasswood,Saskatchewan,PCC,2019-10-21 00:00:00,2021-09-19 23:59:59,Kevin Waugh,H,43
Calgary Confederation,Alberta,PCC,2019-10-21 00:00:00,2021-09-19 23:59:59,Len Webber,H,43
West Vancouver—Sunshine Coast—Sea to Sky Country,Colombie-Britannique,PLC,2019-10-21 00:00:00,2021-09-19 23:59:59,Patrick Weiler,H,43
North Vancouver,Colombie-Britannique,PLC,2019-10-21 00:00:00,2021-09-19 23:59:59,Jonathan Wilkinson,H,43
Nouveau-Brunswick-Sud-Ouest,Nouveau-Brunswick,PCC,2019-10-21 00:00:00,2021-09-19 23:59:59,John Williamson,H,43
Fort McMurray—Cold Lake,Alberta,PCC,2019-10-21 00:00:00,2021-09-19 23:59:59,David Yurdiga,H,43
Prince George—Peace River—Northern Rockies,Colombie-Britannique,PCC,2019-10-21 00:00:00,2021-09-19 23:59:59,Bob Zimmer,H,43
Pierrefonds—Dollard,Québec,PLC,2019-10-21 00:00:00,2021-09-19 23:59:59,Sameer Zuberi,H,43
Aurora—Oak Ridges—Richmond Hill,Ontario,PCC,2019-10-21 00:00:00,2021-09-19 23:59:59,Leona Alleslev,F,43
Oakville,Ontario,PLC,2019-10-21 00:00:00,2021-09-19 23:59:59,Anita Anand,F,43
Churchill—Keewatinook Aski,Manitoba,NPD,2019-10-21 00:00:00,2021-09-19 23:59:59,Niki Ashton,F,43
Fredericton,Nouveau-Brunswick,PLC,2019-10-21 00:00:00,2021-09-19 23:59:59,Jenica Atwin,F,43
Outremont,Québec,PLC,2019-10-21 00:00:00,2021-09-19 23:59:59,Rachel Bendayan,F,43
Toronto—St. Paul's,Ontario,PLC,2019-10-21 00:00:00,2021-09-19 23:59:59,Carolyn Bennett,F,43
Portage—Lisgar,Manitoba,PCC,2019-10-21 00:00:00,2021-09-19 23:59:59,Candice Bergen,F,43
Abitibi—Baie-James—Nunavik—Eeyou,Québec,BQ,2019-10-21 00:00:00,2021-09-19 23:59:59,Sylvie Bérubé,F,43
Brome—Missisquoi,Québec,PLC,2019-10-21 00:00:00,2021-09-19 23:59:59,Lyne Bessette,F,43
Compton—Stanstead,Québec,PLC,2019-10-21 00:00:00,2021-09-19 23:59:59,Marie-Claude Bibeau,F,43
North Island—Powell River,Colombie-Britannique,NPD,2019-10-21 00:00:00,2021-09-19 23:59:59,Rachel Blaney,F,43
Sentier Carlton—Eagle Creek,Saskatchewan,PCC,2019-10-21 00:00:00,2021-09-19 23:59:59,Kelly Block,F,43
Sherbrooke,Québec,PLC,2019-10-21 00:00:00,2021-09-19 23:59:59,Élisabeth Brière,F,43
Thérèse-De Blainville,Québec,BQ,2019-10-21 00:00:00,2021-09-19 23:59:59,Louise Chabot,F,43
Waterloo,Ontario,PLC,2019-10-21 00:00:00,2021-09-19 23:59:59,Bardish Chagger,F,43
Trois-Rivières,Québec,BQ,2019-10-21 00:00:00,2021-09-19 23:59:59,Louise Charbonneau,F,43
Victoria,Colombie-Britannique,NPD,2019-10-21 00:00:00,2021-09-19 23:59:59,Laurel Collins,F,43
Toronto—Danforth,Ontario,PLC,2019-10-21 00:00:00,2021-09-19 23:59:59,Julie Dabrusin,F,43
Oakville-Nord—Burlington,Ontario,PLC,2019-10-21 00:00:00,2021-09-19 23:59:59,Pam Damoff,F,43
Kildonan—St. Paul,Manitoba,PCC,2019-10-21 00:00:00,2021-09-19 23:59:59,Raquel Dancho,F,43
Salaberry—Suroît,Québec,BQ,2019-10-21 00:00:00,2021-09-19 23:59:59,Claude DeBellefeuille,F,43
Beauport—Côte-de-Beaupré—Île d'Orléans—Charlevoix,Québec,BQ,2019-10-21 00:00:00,2021-09-19 23:59:59,Caroline Desbiens,F,43
Dorval—Lachine—LaSalle,Québec,PLC,2019-10-21 00:00:00,2021-09-19 23:59:59,Anju Dhillon,F,43
Etobicoke-Nord,Ontario,PLC,2019-10-21 00:00:00,2021-09-19 23:59:59,Kirsty Duncan,F,43
Davenport,Ontario,PLC,2019-10-21 00:00:00,2021-09-19 23:59:59,Julie Dzerowicz,F,43
Battlefords—Lloydminster,Saskatchewan,PCC,2019-10-21 00:00:00,2021-09-19 23:59:59,Rosemarie Falk,F,43
Surrey-Sud—White Rock,Colombie-Britannique,PCC,2019-10-21 00:00:00,2021-09-19 23:59:59,Kerry-Lynne Findlay,F,43
Haldimand—Norfolk,Ontario,PCC,2019-10-21 00:00:00,2021-05-11 15:50:00,Diane Finley,F,43
Ottawa—Vanier,Ontario,PLC,2019-10-21 00:00:00,2021-09-19 23:59:59,Mona Fortier,F,43
University—Rosedale,Ontario,PLC,2019-10-21 00:00:00,2021-09-19 23:59:59,Chrystia Freeland,F,43
Vancouver-Centre,Colombie-Britannique,PLC,2019-10-21 00:00:00,2021-09-19 23:59:59,Hedy Fry,F,43
Renfrew—Nipissing—Pembroke,Ontario,PCC,2019-10-21 00:00:00,2021-09-19 23:59:59,Cheryl Gallant,F,43
Laurentides—Labelle,Québec,BQ,2019-10-21 00:00:00,2021-09-19 23:59:59,Marie-Hélène Gaudreau,F,43
Winnipeg-Centre,Manitoba,NPD,2019-10-21 00:00:00,2021-09-19 23:59:59,Leah Gazan,F,43
Manicouagan,Québec,BQ,2019-10-21 00:00:00,2021-09-19 23:59:59,Marilène Gill,F,43
Sarnia—Lambton,Ontario,PCC,2019-10-21 00:00:00,2021-09-19 23:59:59,Marilyn Gladu,F,43
Burlington,Ontario,PLC,2019-10-21 00:00:00,2021-09-19 23:59:59,Karina Gould,F,43
Kelowna—Lake Country,Colombie-Britannique,PCC,2019-10-21 00:00:00,2021-09-19 23:59:59,Tracy Gray,F,43
Thunder Bay—Supérieur-Nord,Ontario,PLC,2019-10-21 00:00:00,2021-09-19 23:59:59,Patty Hajdu,F,43
Algoma—Manitoulin—Kapuskasing,Ontario,NPD,2019-10-21 00:00:00,2021-09-19 23:59:59,Carol Hughes,F,43
Long Range Mountains,Terre-Neuve-et-Labrador,PLC,2019-10-21 00:00:00,2021-09-19 23:59:59,Gudie Hutchings,F,43
Toronto-Centre,Ontario,PLC,2020-10-26 00:00:00,2021-09-19 23:59:59,Marci Ien,F,43
Markham—Stouffville,Ontario,PLC,2019-10-21 00:00:00,2021-09-19 23:59:59,Helena Jaczek,F,43
Cloverdale—Langley City,Colombie-Britannique,PCC,2019-10-21 00:00:00,2021-09-19 23:59:59,Tamara Jansen,F,43
Ahuntsic-Cartierville,Québec,PLC,2019-10-21 00:00:00,2021-09-19 23:59:59,Mélanie Joly,F,43
Labrador,Terre-Neuve-et-Labrador,PLC,2019-10-21 00:00:00,2021-09-19 23:59:59,Yvonne Jones,F,43
South Shore—St. Margarets,Nouvelle-Écosse,PLC,2019-10-21 00:00:00,2021-09-19 23:59:59,Bernadette Jordan,F,43
Mississauga—Erin Mills,Ontario,PLC,2019-10-21 00:00:00,2021-09-19 23:59:59,Iqra Khalid,F,43
Brampton-Ouest,Ontario,PLC,2019-10-21 00:00:00,2021-09-19 23:59:59,Kamal Khera,F,43
Vimy,Québec,PLC,2019-10-21 00:00:00,2021-09-19 23:59:59,Annie Koutrakis,F,43
Calgary Midnapore,Alberta,PCC,2019-10-21 00:00:00,2021-09-19 23:59:59,Stephanie Kusie,F,43
Vancouver-Est,Colombie-Britannique,NPD,2019-10-21 00:00:00,2021-09-19 23:59:59,Jenny Kwan,F,43
Orléans,Ontario,PLC,2019-10-21 00:00:00,2021-09-19 23:59:59,Marie-France Lalonde,F,43
Saint-Laurent,Québec,PLC,2019-10-21 00:00:00,2021-09-19 23:59:59,Emmanuella Lambropoulos,F,43
Shefford,Québec,BQ,2019-10-21 00:00:00,2021-09-19 23:59:59,Andréanne Larouche,F,43
Saint-Léonard—Saint-Michel,Québec,PLC,2019-10-21 00:00:00,2021-09-19 23:59:59,Patricia Lattanzio,F,43
Gaspésie—Les Îles-de-la-Madeleine,Québec,PLC,2019-10-21 00:00:00,2021-09-19 23:59:59,Diane Lebouthillier,F,43
Hochelaga,Québec,PLC,2019-10-21 00:00:00,2021-09-19 23:59:59,Soraya Martinez Ferrada,F,43
London—Fanshawe,Ontario,NPD,2019-10-21 00:00:00,2021-09-19 23:59:59,Lindsay Mathyssen,F,43
Saanich—Gulf Islands,Colombie-Britannique,PV,2019-10-21 00:00:00,2021-09-19 23:59:59,Elizabeth May,F,43
Kanata—Carleton,Ontario,PLC,2019-10-21 00:00:00,2021-09-19 23:59:59,Karen McCrimmon,F,43
Ottawa-Centre,Ontario,PLC,2019-10-21 00:00:00,2021-09-19 23:59:59,Catherine McKenna,F,43
Kamloops—Thompson—Cariboo,Colombie-Britannique,PCC,2019-10-21 00:00:00,2021-09-19 23:59:59,Cathy McLeod,F,43
Edmonton Strathcona,Alberta,NPD,2019-10-21 00:00:00,2021-09-19 23:59:59,Heather McPherson,F,43
Brossard—Saint-Lambert,Québec,PLC,2019-10-21 00:00:00,2021-09-19 23:59:59,Alexandra Mendès,F,43
Avignon—La Mitis—Matane—Matapédia,Québec,BQ,2019-10-21 00:00:00,2021-09-19 23:59:59,Kristina Michaud,F,43
Peterborough—Kawartha,Ontario,PLC,2019-10-21 00:00:00,2021-09-19 23:59:59,Maryam Monsef,F,43
Vancouver Quadra,Colombie-Britannique,PLC,2019-10-21 00:00:00,2021-09-19 23:59:59,Joyce Murray,F,43
Markham—Thornhill,Ontario,PLC,2019-10-21 00:00:00,2021-09-19 23:59:59,Mary Ng,F,43
Saint-Jean,Québec,BQ,2019-10-21 00:00:00,2021-09-19 23:59:59,Christine Normandin,F,43
Pickering—Uxbridge,Ontario,PLC,2019-10-21 00:00:00,2021-09-19 23:59:59,Jennifer O'Connell,F,43
Repentigny,Québec,BQ,2019-10-21 00:00:00,2021-09-19 23:59:59,Monique Pauzé,F,43
Moncton—Riverview—Dieppe,Nouveau-Brunswick,PLC,2019-10-21 00:00:00,2021-09-19 23:59:59,Ginette Petitpas Taylor,F,43
Nunavut,Nunavut,NPD,2019-10-21 00:00:00,2021-09-19 23:59:59,Mumilaaq Qaqqaq,F,43
Delta,Colombie-Britannique,PLC,2019-10-21 00:00:00,2021-09-19 23:59:59,Carla Qualtrough,F,43
Don Valley-Est,Ontario,Ind.,2019-10-21 00:00:00,2021-09-19 23:59:59,Yasmin Ratansi,F,43
Calgary Nose Hill,Alberta,PCC,2019-10-21 00:00:00,2021-09-19 23:59:59,Michelle Rempel Garner,F,43
Longueuil—Charles-LeMoyne,Québec,PLC,2019-10-21 00:00:00,2021-09-19 23:59:59,Sherry Romanado,F,43
Lambton—Kent—Middlesex,Ontario,PCC,2019-10-21 00:00:00,2021-09-19 23:59:59,Lianne Rood,F,43
Calgary Skyview,Alberta,PCC,2019-10-21 00:00:00,2021-09-19 23:59:59,Jag Sahota,F,43
Brampton-Nord,Ontario,PLC,2019-10-21 00:00:00,2021-09-19 23:59:59,Ruby Sahota,F,43
York-Centre,Ontario,PLC,2020-10-26 00:00:00,2021-09-19 23:59:59,Ya'ara Saks,F,43
King—Vaughan,Ontario,PLC,2019-10-21 00:00:00,2021-09-19 23:59:59,Deb Schulte,F,43
Humber River—Black Creek,Ontario,PLC,2019-10-21 00:00:00,2021-09-19 23:59:59,Judy A. Sgro,F,43
Châteauguay—Lacolle,Québec,PLC,2019-10-21 00:00:00,2021-09-19 23:59:59,Brenda Shanahan,F,43
Port Moody—Coquitlam,Colombie-Britannique,PCC,2019-10-21 00:00:00,2021-09-19 23:59:59,Nelly Shin,F,43
Brampton-Sud,Ontario,PLC,2019-10-21 00:00:00,2021-09-19 23:59:59,Sonia Sidhu,F,43
Lakeland,Alberta,PCC,2019-10-21 00:00:00,2021-09-19 23:59:59,Shannon Stubbs,F,43
Hamilton-Ouest—Ancaster—Dundas,Ontario,PLC,2019-10-21 00:00:00,2021-09-19 23:59:59,Filomena Tassi,F,43
Lethbridge,Alberta,PCC,2019-10-21 00:00:00,2021-09-19 23:59:59,Rachael Thomas,F,43
Ottawa-Ouest—Nepean,Ontario,PLC,2019-10-21 00:00:00,2021-09-19 23:59:59,Anita Vandenbeld,F,43
Elgin—Middlesex—London,Ontario,PCC,2019-10-21 00:00:00,2021-09-19 23:59:59,Karen Vecchio,F,43
Beauport—Limoilou,Québec,BQ,2019-10-21 00:00:00,2021-09-19 23:59:59,Julie Vignola,F,43
Yorkton—Melville,Saskatchewan,PCC,2019-10-21 00:00:00,2021-09-19 23:59:59,Cathay Wagantall,F,43
Vancouver Granville,Colombie-Britannique,Ind.,2019-10-21 00:00:00,2021-09-19 23:59:59,Jody Wilson-Raybould,F,43
Richmond-Centre,Colombie-Britannique,PCC,2019-10-21 00:00:00,2021-09-19 23:59:59,Alice Wong,F,43
Scarborough—Agincourt,Ontario,PLC,2019-10-21 00:00:00,2021-09-19 23:59:59,Jean Yip,F,43
London-Ouest,Ontario,PLC,2019-10-21 00:00:00,2021-09-19 23:59:59,Kate Young,F,43
Scarborough-Centre,Ontario,PLC,2019-10-21 00:00:00,2021-09-19 23:59:59,Salma Zahid,F,43
Cumberland—Colchester,Nouvelle-Écosse,PLC,2019-10-21 00:00:00,2021-09-19 23:59:59,Lenore Zann,F,43
Edmonton Manning,Alberta,PCC,2021-09-20 00:00:00,,Ziad Aboultaif,H,44
Parry Sound—Muskoka,Ontario,PCC,2021-09-20 00:00:00,,Scott Aitchison,H,44
Central Okanagan—Similkameen—Nicola,Colombie-Britannique,PCC,2021-09-20 00:00:00,,Dan Albas,H,44
Cloverdale—Langley City,Colombie-Britannique,PLC,2021-09-20 00:00:00,,John Aldag,H,44
Mississauga-Centre,Ontario,PLC,2021-09-20 00:00:00,,Omar Alghabra,H,44
Brampton-Centre,Ontario,PLC,2021-09-20 00:00:00,,Shafqat Ali,H,44
Niagara-Ouest,Ontario,PCC,2021-09-20 00:00:00,,Dean Allison,H,44
Scarborough—Rouge Park,Ontario,PLC,2021-09-20 00:00:00,,Gary Anandasangaree,H,44
Timmins—Baie James,Ontario,NPD,2021-09-20 00:00:00,,Charlie Angus,H,44
North Okanagan—Shuswap,Colombie-Britannique,PCC,2021-09-20 00:00:00,,Mel Arnold,H,44
Madawaska—Restigouche,Nouveau-Brunswick,PLC,2021-09-20 00:00:00,,René Arseneault,H,44
Nepean,Ontario,PLC,2021-09-20 00:00:00,,Chandra Arya,H,44
Skeena—Bulkley Valley,Colombie-Britannique,NPD,2021-09-20 00:00:00,,Taylor Bachrach,H,44
Niagara-Centre,Ontario,PLC,2021-09-20 00:00:00,,Vance Badawey,H,44
Steveston—Richmond-Est,Colombie-Britannique,PLC,2021-09-20 00:00:00,,Parm Bains,H,44
Etobicoke-Centre,Ontario,PLC,2021-09-20 00:00:00,,Yvan Baker,H,44
Niagara Falls,Ontario,PCC,2021-09-20 00:00:00,,Tony Baldinelli,H,44
Foothills,Alberta,PCC,2021-09-20 00:00:00,,John Barlow,H,44
Leeds—Grenville—Thousand Islands et Rideau Lakes,Ontario,PCC,2021-09-20 00:00:00,,Michael Barrett,H,44
Pierre-Boucher—Les Patriotes—Verchères,Québec,BQ,2021-09-20 00:00:00,,Xavier Barsalou-Duval,H,44
Sydney—Victoria,Nouvelle-Écosse,PLC,2021-09-20 00:00:00,,Jaime Battiste,H,44
La Pointe-de-l'Île,Québec,BQ,2021-09-20 00:00:00,,Mario Beaulieu,H,44
Burnaby-Nord—Seymour,Colombie-Britannique,PLC,2021-09-20 00:00:00,,Terry Beech,H,44
Montarville,Québec,BQ,2021-09-20 00:00:00,,Stéphane Bergeron,H,44
Mégantic—L'Érable,Québec,PCC,2021-09-20 00:00:00,,Luc Berthold,H,44
Selkirk—Interlake—Eastman,Manitoba,PCC,2021-09-20 00:00:00,,James Bezan,H,44
St. Catharines,Ontario,PLC,2021-09-20 00:00:00,,Chris Bittle,H,44
Elmwood—Transcona,Manitoba,NPD,2021-09-20 00:00:00,,Daniel Blaikie,H,44
Scarborough-Sud-Ouest,Ontario,PLC,2021-09-20 00:00:00,,Bill Blair,H,44
Beloeil—Chambly,Québec,BQ,2021-09-20 00:00:00,,Yves-François Blanchet,H,44
Rimouski-Neigette—Témiscouata—Les Basques,Québec,BQ,2021-09-20 00:00:00,,Maxime Blanchette-Joncas,H,44
Kings—Hants,Nouvelle-Écosse,PLC,2021-09-20 00:00:00,,Kody Blois,H,44
Edmonton-Centre,Alberta,PLC,2021-09-20 00:00:00,,Randy Boissonnault,H,44
Rosemont—La Petite-Patrie,Québec,NPD,2021-09-20 00:00:00,,Alexandre Boulerice,H,44
Tobique—Mactaquac,Nouveau-Brunswick,PCC,2021-09-20 00:00:00,,Richard Bragdon,H,44
Barrie—Innisfil,Ontario,PCC,2021-09-20 00:00:00,,John Brassard,H,44
Brantford—Brant,Ontario,PCC,2021-09-20 00:00:00,,Larry Brock,H,44
Lac-Saint-Jean,Québec,BQ,2021-09-20 00:00:00,,Alexis Brunelle-Duceppe,H,44
Red Deer—Lacombe,Alberta,PCC,2021-09-20 00:00:00,,Blaine Calkins,H,44
Okanagan-Sud—Kootenay-Ouest,Colombie-Britannique,NPD,2021-09-20 00:00:00,,Richard Cannings,H,44
Kamloops—Thompson—Cariboo,Colombie-Britannique,PCC,2021-09-20 00:00:00,,Frank Caputo,H,44
Oshawa,Ontario,PCC,2021-09-20 00:00:00,,Colin Carrie,H,44
Charlottetown,Île-du-Prince-Édouard,PLC,2021-09-20 00:00:00,,Sean Casey,H,44
Calgary Skyview,Alberta,PLC,2021-09-20 00:00:00,,George Chahal,H,44
Simcoe-Nord,Ontario,PCC,2021-09-20 00:00:00,,Adam Chambers,H,44
Saint-Maurice—Champlain,Québec,PLC,2021-09-20 00:00:00,,François-Philippe Champagne,H,44
Drummond,Québec,BQ,2021-09-20 00:00:00,,Martin Champoux,H,44
Scarborough-Nord,Ontario,PLC,2021-09-20 00:00:00,,Shaun Chen,H,44
Markham—Unionville,Ontario,PLC,2021-09-20 00:00:00,,Paul Chiang,H,44
Wellington—Halton Hills,Ontario,PCC,2021-09-20 00:00:00,,Michael Chong,H,44
Hamilton-Est—Stoney Creek,Ontario,PLC,2021-09-20 00:00:00,,Chad Collins,H,44
St. Albert—Edmonton,Alberta,PCC,2021-09-20 00:00:00,,Michael Cooper,H,44
Acadie—Bathurst,Nouveau-Brunswick,PLC,2021-09-20 00:00:00,,Serge Cormier,H,44
Don Valley-Est,Ontario,PLC,2021-09-20 00:00:00,,Michael Coteau,H,44
Pitt Meadows—Maple Ridge,Colombie-Britannique,PCC,2021-09-20 00:00:00,,Marc Dalton,H,44
York—Simcoe,Ontario,PCC,2021-09-20 00:00:00,,Scot Davidson,H,44
Vancouver Kingsway,Colombie-Britannique,NPD,2021-09-20 00:00:00,,Don Davies,H,44
Louis-Saint-Laurent,Québec,PCC,2021-09-20 00:00:00,,Gérard Deltell,H,44
Nova-Ouest,Nouvelle-Écosse,PCC,2021-09-20 00:00:00,,Chris d'Entremont,H,44
Rivière-des-Mille-Îles,Québec,BQ,2021-09-20 00:00:00,,Luc Desilets,H,44
Edmonton Griesbach,Alberta,NPD,2021-09-20 00:00:00,,Blake Desjarlais,H,44
Surrey—Newton,Colombie-Britannique,PLC,2021-09-20 00:00:00,,Sukh Dhaliwal,H,44
Cariboo—Prince George,Colombie-Britannique,PCC,2021-09-20 00:00:00,,Todd Doherty,H,44
Don Valley-Nord,Ontario,Ind.,2021-09-20 00:00:00,,Han Dong,H,44
Simcoe—Grey,Ontario,PCC,2021-09-20 00:00:00,,Terry Dowdall,H,44
Red Deer—Mountain View,Alberta,PCC,2021-09-20 00:00:00,,Earl Dreeshen,H,44
Glengarry—Prescott—Russell,Ontario,PLC,2021-09-20 00:00:00,,Francis Drouin,H,44
Bourassa,Québec,PLC,2021-09-20 00:00:00,,Emmanuel Dubourg,H,44
Québec,Québec,PLC,2021-09-20 00:00:00,,Jean-Yves Duclos,H,44
Winnipeg-Sud,Manitoba,PLC,2021-09-20 00:00:00,,Terry Duguid,H,44
Stormont—Dundas—South Glengarry,Ontario,PCC,2021-09-20 00:00:00,,Eric Duncan,H,44
Willowdale,Ontario,PLC,2021-09-20 00:00:00,,Ali Ehsassi,H,44
Laval—Les Îles,Québec,PLC,2021-09-20 00:00:00,,Fayçal El-Khoury,H,44
Cumberland—Colchester,Nouvelle-Écosse,PCC,2021-09-20 00:00:00,,Stephen Ellis,H,44
Chatham-Kent—Leamington,Ontario,PCC,2021-09-20 00:00:00,,Dave Epp,H,44
Beaches—East York,Ontario,PLC,2021-09-20 00:00:00,,Nathaniel Erskine-Smith,H,44
Provencher,Manitoba,PCC,2021-09-20 00:00:00,,Ted Falk,H,44
Abbotsford,Colombie-Britannique,PCC,2021-09-20 00:00:00,,Ed Fast,H,44
Hull—Aylmer,Québec,PLC,2021-09-20 00:00:00,,Greg Fergus,H,44
Halifax,Nouvelle-Écosse,PLC,2021-09-20 00:00:00,,Andy Fillmore,H,44
Dartmouth—Cole Harbour,Nouvelle-Écosse,PLC,2021-09-20 00:00:00,,Darren Fisher,H,44
Mississauga-Est—Cooksville,Ontario,PLC,2021-09-20 00:00:00,,Peter Fonseca,H,44
Rivière-du-Nord,Québec,BQ,2021-09-20 00:00:00,,Rhéal Éloi Fortin,H,44
London-Centre-Nord,Ontario,PLC,2021-09-20 00:00:00,,Peter Fragiskatos,H,44
Nova-Centre,Nouvelle-Écosse,PLC,2021-09-20 00:00:00,,Sean Fraser,H,44
Mississauga—Malton,Ontario,PLC,2021-09-20 00:00:00,,Iqwinder Gaheer,H,44
Mirabel,Québec,BQ,2021-09-20 00:00:00,,Jean-Denis Garon,H,44
Esquimalt—Saanich—Sooke,Colombie-Britannique,NPD,2021-09-20 00:00:00,,Randall Garrison,H,44
Montmagny—L'Islet—Kamouraska—Rivière-du-Loup,Québec,PCC,2021-09-20 00:00:00,,Bernard Généreux,H,44
Sherwood Park—Fort Saskatchewan,Alberta,PCC,2021-09-20 00:00:00,,Garnett Genuis,H,44
Kingston et les Îles,Ontario,PLC,2021-09-20 00:00:00,,Mark Gerretsen,H,44
Portneuf—Jacques-Cartier,Québec,PCC,2021-09-20 00:00:00,,Joël Godin,H,44
Lévis—Lotbinière,Québec,PCC,2021-09-20 00:00:00,,Jacques Gourde,H,44
Hamilton-Centre,Ontario,NPD,2021-09-20 00:00:00,,Matthew Green,H,44
Laurier—Sainte-Marie,Québec,PLC,2021-09-20 00:00:00,,Steven Guilbeault,H,44
Calgary Forest Lawn,Alberta,PCC,2021-09-20 00:00:00,,Jasraj Singh Hallan,H,44
Yukon,Yukon,PLC,2021-09-20 00:00:00,,Brendan Hanley,H,44
Fleetwood—Port Kells,Colombie-Britannique,PLC,2021-09-20 00:00:00,,Ken Hardie,H,44
Prince Albert,Saskatchewan,PCC,2021-09-20 00:00:00,,Randy Hoback,H,44
Ajax,Ontario,PLC,2021-09-20 00:00:00,,Mark Holland,H,44
Mont-Royal,Québec,PLC,2021-09-20 00:00:00,,Anthony Housefather,H,44
York-Sud—Weston,Ontario,PLC,2021-09-20 00:00:00,,Ahmed Hussen,H,44
Alfred-Pellan,Québec,PLC,2021-09-20 00:00:00,,Angelo Iacono,H,44
Edmonton Riverbend,Alberta,PCC,2021-09-20 00:00:00,,Matt Jeneroux,H,44
Courtenay—Alberni,Colombie-Britannique,NPD,2021-09-20 00:00:00,,Gord Johns,H,44
Richmond Hill,Ontario,PLC,2021-09-20 00:00:00,,Majid Jowhari,H,44
New Westminster—Burnaby,Colombie-Britannique,NPD,2021-09-20 00:00:00,,Peter Julian,H,44
Cape Breton—Canso,Nouvelle-Écosse,PLC,2021-09-20 00:00:00,,Mike Kelloway,H,44
Calgary Rocky Ridge,Alberta,PCC,2021-09-20 00:00:00,,Pat Kelly,H,44
Souris—Moose Mountain,Saskatchewan,PCC,2021-09-20 00:00:00,,Robert Kitchen,H,44
Calgary Shepard,Alberta,PCC,2021-09-20 00:00:00,,Tom Kmiec,H,44
Regina—Wascana,Saskatchewan,PCC,2021-09-20 00:00:00,,Michael Kram,H,44
Battle River—Crowfoot,Alberta,PCC,2021-09-20 00:00:00,,Damien Kurek,H,44
Windsor—Tecumseh,Ontario,PLC,2021-09-20 00:00:00,,Irek Kusmierczyk,H,44
Edmonton—Wetaskiwin,Alberta,PCC,2021-09-20 00:00:00,,Mike Lake,H,44
LaSalle—Émard—Verdun,Québec,PLC,2021-09-20 00:00:00,,David Lametti,H,44
Winnipeg-Nord,Manitoba,PLC,2021-09-20 00:00:00,,Kevin Lamoureux,H,44
Argenteuil—La Petite-Nation,Québec,PLC,2021-09-20 00:00:00,,Stéphane Lauzon,H,44
Northumberland—Peterborough-Sud,Ontario,PCC,2021-09-20 00:00:00,,Philip Lawrence,H,44
Beauséjour,Nouveau-Brunswick,PLC,2021-09-20 00:00:00,,Dominic LeBlanc,H,44
Beauce,Québec,PCC,2021-09-20 00:00:00,,Richard Lehoux,H,44
Abitibi—Témiscamingue,Québec,BQ,2021-09-20 00:00:00,,Sébastien Lemire,H,44
Essex,Ontario,PCC,2021-09-20 00:00:00,,Chris Lewis,H,44
Calgary Signal Hill,Alberta,PCC,2021-09-20 00:00:00,,Ron Liepert,H,44
Louis-Hébert,Québec,PLC,2021-09-20 00:00:00,,Joël Lightbound,H,44
Sturgeon River—Parkland,Alberta,PCC,2021-09-20 00:00:00,,Dane Lloyd,H,44
Huron—Bruce,Ontario,PCC,2021-09-20 00:00:00,,Ben Lobb,H,44
Saint John—Rothesay,Nouveau-Brunswick,PLC,2021-09-20 00:00:00,,Wayne Long,H,44
Guelph,Ontario,PLC,2021-09-20 00:00:00,,Lloyd Longfield,H,44
Kitchener—Conestoga,Ontario,PLC,2021-09-20 00:00:00,,Tim Louis,H,44
Cardigan,Île-du-Prince-Édouard,PLC,2021-09-20 00:00:00,,Lawrence MacAulay,H,44
Malpeque,Île-du-Prince-Édouard,PLC,2021-09-20 00:00:00,,Heath MacDonald,H,44
Cowichan—Malahat—Langford,Colombie-Britannique,NPD,2021-09-20 00:00:00,,Alistair MacGregor,H,44
Gatineau,Québec,PLC,2021-09-20 00:00:00,,Steven MacKinnon,H,44
Brandon—Souris,Manitoba,PCC,2021-09-20 00:00:00,,Larry Maguire,H,44
Etobicoke—Lakeshore,Ontario,PLC,2021-09-20 00:00:00,,James Maloney,H,44
Chicoutimi—Le Fjord,Québec,PCC,2021-09-20 00:00:00,,Richard Martel,H,44
Windsor-Ouest,Ontario,NPD,2021-09-20 00:00:00,,Brian Masse,H,44
Cambridge,Ontario,PLC,2021-09-20 00:00:00,,Bryan May,H,44
Dauphin—Swan River—Neepawa,Manitoba,PCC,2021-09-20 00:00:00,,Dan Mazier,H,44
Edmonton-Ouest,Alberta,PCC,2021-09-20 00:00:00,,Kelly McCauley,H,44
Avalon,Terre-Neuve-et-Labrador,PLC,2021-09-20 00:00:00,,Ken McDonald,H,44
Ottawa-Sud,Ontario,PLC,2021-09-20 00:00:00,,David McGuinty,H,44
Scarborough—Guildwood,Ontario,PLC,2021-09-20 00:00:00,,John McKay,H,44
Coquitlam—Port Coquitlam,Colombie-Britannique,PLC,2021-09-20 00:00:00,,Ron McKinnon,H,44
Calgary-Centre,Alberta,PCC,2021-09-20 00:00:00,,Greg McLean,H,44
Territoires du Nord-Ouest,Territoires du Nord-Ouest,PLC,2021-09-20 00:00:00,,Michael McLeod,H,44
Kenora,Ontario,PCC,2021-09-20 00:00:00,,Eric Melillo,H,44
Eglinton—Lawrence,Ontario,PLC,2021-09-20 00:00:00,,Marco Mendicino,H,44
Richmond-Centre,Colombie-Britannique,PLC,2021-09-20 00:00:00,,Wilson Miao,H,44
Ville-Marie—Le Sud-Ouest—Île-des-Soeurs,Québec,PLC,2021-09-20 00:00:00,,Marc Miller,H,44
Fundy Royal,Nouveau-Brunswick,PCC,2021-09-20 00:00:00,,Rob Moore,H,44
Charleswood—St. James—Assiniboia—Headingley,Manitoba,PCC,2021-09-20 00:00:00,,Marty Morantz,H,44
Kitchener-Centre,Ontario,PV,2021-09-20 00:00:00,,Mike Morrice,H,44
Kootenay—Columbia,Colombie-Britannique,PCC,2021-09-20 00:00:00,,Rob Morrison,H,44
Egmont,Île-du-Prince-Édouard,PLC,2021-09-20 00:00:00,,Robert Morrissey,H,44
Medicine Hat—Cardston—Warner,Alberta,PCC,2021-09-20 00:00:00,,Glen Motz,H,44
Flamborough—Glanbrook,Ontario,PCC,2021-09-20 00:00:00,,Dan Muys,H,44
Ottawa-Centre,Ontario,PLC,2021-09-20 00:00:00,,Yasir Naqvi,H,44
Perth—Wellington,Ontario,PCC,2021-09-20 00:00:00,,John Nater,H,44
Vancouver Granville,Colombie-Britannique,PLC,2021-09-20 00:00:00,,Taleeb Noormohamed,H,44
Don Valley-Ouest,Ontario,PLC,2021-09-20 00:00:00,,Robert Oliphant,H,44
St. John's-Sud—Mount Pearl,Terre-Neuve-et-Labrador,PLC,2021-09-20 00:00:00,,Seamus O'Regan,H,44
Durham,Ontario,PCC,2021-09-20 00:00:00,,Erin O'Toole,H,44
Cypress Hills—Grasslands,Saskatchewan,PCC,2021-09-20 00:00:00,,Jeremy Patzer,H,44
Charlesbourg—Haute-Saint-Charles,Québec,PCC,2021-09-20 00:00:00,,Pierre Paul-Hus,H,44
South Shore—St. Margarets,Nouvelle-Écosse,PCC,2021-09-20 00:00:00,,Rick Perkins,H,44
Berthier—Maskinongé,Québec,BQ,2021-09-20 00:00:00,,Yves Perron,H,44
Bécancour—Nicolet—Saurel,Québec,BQ,2021-09-20 00:00:00,,Louis Plamondon,H,44
Carleton,Ontario,PCC,2021-09-20 00:00:00,,Pierre Poilievre,H,44
Thunder Bay—Rainy River,Ontario,PLC,2021-09-20 00:00:00,,Marcus Powlowski,H,44
Richmond—Arthabaska,Québec,Ind.,2021-09-20 00:00:00,,Alain Rayes,H,44
Saskatoon-Ouest,Saskatchewan,PCC,2021-09-20 00:00:00,,Brad Redekopp,H,44
Lanark—Frontenac—Kingston,Ontario,PCC,2021-09-20 00:00:00,,Scott Reid,H,44
Banff—Airdrie,Alberta,PCC,2021-09-20 00:00:00,,Blake Richards,H,44
Marc-Aurèle-Fortin,Québec,PLC,2021-09-20 00:00:00,,Yves Robillard,H,44
Honoré-Mercier,Québec,PLC,2021-09-20 00:00:00,,Pablo Rodriguez,H,44
Bonavista—Burin—Trinity,Terre-Neuve-et-Labrador,PLC,2021-09-20 00:00:00,,Churence Rogers,H,44
Nipissing—Timiskaming,Ontario,PLC,2021-09-20 00:00:00,,Anthony Rota,H,44
Bruce—Grey—Owen Sound,Ontario,PCC,2021-09-20 00:00:00,,Alex Ruff,H,44
Vancouver-Sud,Colombie-Britannique,PLC,2021-09-20 00:00:00,,Harjit S. Sajjan,H,44
Sackville—Preston—Chezzetcook,Nouvelle-Écosse,PLC,2021-09-20 00:00:00,,Darrell Samson,H,44
Surrey-Centre,Colombie-Britannique,PLC,2021-09-20 00:00:00,,Randeep Sarai,H,44
Saint-Hyacinthe—Bagot,Québec,BQ,2021-09-20 00:00:00,,Simon-Pierre Savard-Tremblay,H,44
Lac-Saint-Louis,Québec,PLC,2021-09-20 00:00:00,,Francis Scarpaleggia,H,44
Regina—Qu'Appelle,Saskatchewan,PCC,2021-09-20 00:00:00,,Andrew Scheer,H,44
Vaudreuil—Soulanges,Québec,PLC,2021-09-20 00:00:00,,Peter Schiefke,H,44
Haliburton—Kawartha Lakes—Brock,Ontario,PCC,2021-09-20 00:00:00,,Jamie Schmale,H,44
Dufferin—Caledon,Ontario,PCC,2021-09-20 00:00:00,,Kyle Seeback,H,44
Nickel Belt,Ontario,PLC,2021-09-20 00:00:00,,Marc Serré,H,44
Sault Ste. Marie,Ontario,PLC,2021-09-20 00:00:00,,Terry Sheehan,H,44
Bow River,Alberta,PCC,2021-09-20 00:00:00,,Martin Shields,H,44
Barrie—Springwater—Oro-Medonte,Ontario,PCC,2021-09-20 00:00:00,,Doug Shipley,H,44
Brampton-Est,Ontario,PLC,2021-09-20 00:00:00,,Maninder Sidhu,H,44
Jonquière,Québec,BQ,2021-09-20 00:00:00,,Mario Simard,H,44
Burnaby-Sud,Colombie-Britannique,NPD,2021-09-20 00:00:00,,Jagmeet Singh,H,44
Coast of Bays—Central—Notre Dame,Terre-Neuve-et-Labrador,PCC,2021-09-20 00:00:00,,Clifford Small,H,44
Vaughan—Woodbridge,Ontario,PLC,2021-09-20 00:00:00,,Francesco Sorbara,H,44
Yellowhead,Alberta,PCC,2021-09-20 00:00:00,,Gerald Soroka,H,44
Mississauga—Lakeshore,Ontario,PLC,2022-12-12 00:00:00,,Charles Sousa,H,44
Regina—Lewvan,Saskatchewan,PCC,2021-09-20 00:00:00,,Warren Steinley,H,44
Joliette,Québec,BQ,2021-09-20 00:00:00,,Gabriel Ste-Marie,H,44
Miramichi—Grand Lake,Nouveau-Brunswick,PCC,2021-09-20 00:00:00,,Jake Stewart,H,44
Chilliwack—Hope,Colombie-Britannique,PCC,2021-09-20 00:00:00,,Mark Strahl,H,44
Montcalm,Québec,BQ,2021-09-20 00:00:00,,Luc Thériault,H,44
La Prairie,Québec,BQ,2021-09-20 00:00:00,,Alain Therrien,H,44
Saskatoon—University,Saskatchewan,PCC,2021-09-20 00:00:00,,Corey Tochor,H,44
Moose Jaw—Lake Centre—Lanigan,Saskatchewan,PCC,2021-09-20 00:00:00,,Fraser Tolmie,H,44
Papineau,Québec,PLC,2021-09-20 00:00:00,,Justin Trudeau,H,44
Longueuil—Saint-Hubert,Québec,BQ,2021-09-20 00:00:00,,Denis Trudel,H,44
Whitby,Ontario,PLC,2021-09-20 00:00:00,,Ryan Turnbull,H,44
Edmonton Mill Woods,Alberta,PCC,2021-09-20 00:00:00,,Tim Uppal,H,44
Newmarket—Aurora,Ontario,PLC,2021-09-20 00:00:00,,Tony Van Bynen,H,44
Milton,Ontario,PLC,2021-09-20 00:00:00,,Adam van Koeverden,H,44
Langley—Aldergrove,Colombie-Britannique,PCC,2021-09-20 00:00:00,,Tako Van Popta,H,44
Saint-Boniface—Saint-Vital,Manitoba,PLC,2021-09-20 00:00:00,,Dan Vandal,H,44
Desnethé—Missinippi—Rivière Churchill,Saskatchewan,PCC,2021-09-20 00:00:00,,Gary Vidal,H,44
Peace River—Westlock,Alberta,PCC,2021-09-20 00:00:00,,Arnold Viersen,H,44
Trois-Rivières,Québec,BQ,2021-09-20 00:00:00,,René Villemure,H,44
Parkdale—High Park,Ontario,PLC,2021-09-20 00:00:00,,Arif Virani,H,44
Mission—Matsqui—Fraser Canyon,Colombie-Britannique,PCC,2021-09-20 00:00:00,,Brad Vis,H,44
Spadina—Fort York,Ontario,Ind.,2021-09-20 00:00:00,,Kevin Vuong,H,44
Grande Prairie—Mackenzie,Alberta,PCC,2021-09-20 00:00:00,,Chris Warkentin,H,44
Saskatoon—Grasswood,Saskatchewan,PCC,2021-09-20 00:00:00,,Kevin Waugh,H,44
Calgary Confederation,Alberta,PCC,2021-09-20 00:00:00,,Len Webber,H,44
West Vancouver—Sunshine Coast—Sea to Sky Country,Colombie-Britannique,PLC,2021-09-20 00:00:00,,Patrick Weiler,H,44
North Vancouver,Colombie-Britannique,PLC,2021-09-20 00:00:00,,Jonathan Wilkinson,H,44
Baie de Quinte,Ontario,PCC,2021-09-20 00:00:00,,Ryan Williams,H,44
Nouveau-Brunswick-Sud-Ouest,Nouveau-Brunswick,PCC,2021-09-20 00:00:00,,John Williamson,H,44
Prince George—Peace River—Northern Rockies,Colombie-Britannique,PCC,2021-09-20 00:00:00,,Bob Zimmer,H,44
Pierrefonds—Dollard,Québec,PLC,2021-09-20 00:00:00,,Sameer Zuberi,H,44
Calgary Heritage,Alberta,PCC,2021-09-20 00:00:00,2022-12-31 23:59:59,Bob Benzen,H,44
Winnipeg-Centre-Sud,Manitoba,PLC,2021-09-20 00:00:00,2022-12-12 23:59:59,Jim Carr,H,44
Notre-Dame-de-Grâce—Westmount,Québec,PLC,2021-09-20 00:00:00,2023-03-08 23:59:59,Marc Garneau,H,44
Oxford,Ontario,PCC,2021-09-20 00:00:00,2023-01-28 23:59:59,Dave MacKenzie,H,44
Mississauga—Lakeshore,Ontario,PLC,2021-09-20 00:00:00,2022-05-27 23:59:59,Sven Spengemann,H,44
Oakville,Ontario,PLC,2021-09-20 00:00:00,,Anita Anand,F,44
Churchill—Keewatinook Aski,Manitoba,NPD,2021-09-20 00:00:00,,Niki Ashton,F,44
Fredericton,Nouveau-Brunswick,PLC,2021-09-20 00:00:00,,Jenica Atwin,F,44
Nanaimo—Ladysmith,Colombie-Britannique,NPD,2021-09-20 00:00:00,,Lisa Marie Barron,F,44
Outremont,Québec,PLC,2021-09-20 00:00:00,,Rachel Bendayan,F,44
Toronto—St. Paul's,Ontario,PLC,2021-09-20 00:00:00,,Carolyn Bennett,F,44
Abitibi—Baie-James—Nunavik—Eeyou,Québec,BQ,2021-09-20 00:00:00,,Sylvie Bérubé,F,44
Compton—Stanstead,Québec,PLC,2021-09-20 00:00:00,,Marie-Claude Bibeau,F,44
North Island—Powell River,Colombie-Britannique,NPD,2021-09-20 00:00:00,,Rachel Blaney,F,44
Sentier Carlton—Eagle Creek,Saskatchewan,PCC,2021-09-20 00:00:00,,Kelly Block,F,44
Kitchener-Sud—Hespeler,Ontario,PLC,2021-09-20 00:00:00,,Valerie Bradford,F,44
Sherbrooke,Québec,PLC,2021-09-20 00:00:00,,Élisabeth Brière,F,44
Thérèse-De Blainville,Québec,BQ,2021-09-20 00:00:00,,Louise Chabot,F,44
Waterloo,Ontario,PLC,2021-09-20 00:00:00,,Bardish Chagger,F,44
Pontiac,Québec,PLC,2021-09-20 00:00:00,,Sophie Chatel,F,44
Victoria,Colombie-Britannique,NPD,2021-09-20 00:00:00,,Laurel Collins,F,44
Toronto—Danforth,Ontario,PLC,2021-09-20 00:00:00,,Julie Dabrusin,F,44
Oakville-Nord—Burlington,Ontario,PLC,2021-09-20 00:00:00,,Pam Damoff,F,44
Kildonan—St. Paul,Manitoba,PCC,2021-09-20 00:00:00,,Raquel Dancho,F,44
Salaberry—Suroît,Québec,BQ,2021-09-20 00:00:00,,Claude DeBellefeuille,F,44
Beauport—Côte-de-Beaupré—Île d'Orléans—Charlevoix,Québec,BQ,2021-09-20 00:00:00,,Caroline Desbiens,F,44
Dorval—Lachine—LaSalle,Québec,PLC,2021-09-20 00:00:00,,Anju Dhillon,F,44
Halifax-Ouest,Nouvelle-Écosse,PLC,2021-09-20 00:00:00,,Lena Metlege Diab,F,44
Etobicoke-Nord,Ontario,PLC,2021-09-20 00:00:00,,Kirsty Duncan,F,44
Davenport,Ontario,PLC,2021-09-20 00:00:00,,Julie Dzerowicz,F,44
Battlefords—Lloydminster,Saskatchewan,PCC,2021-09-20 00:00:00,,Rosemarie Falk,F,44
Peterborough—Kawartha,Ontario,PCC,2021-09-20 00:00:00,,Michelle Ferreri,F,44
Surrey-Sud—White Rock,Colombie-Britannique,PCC,2021-09-20 00:00:00,,Kerry-Lynne Findlay,F,44
Ottawa—Vanier,Ontario,PLC,2021-09-20 00:00:00,,Mona Fortier,F,44
University—Rosedale,Ontario,PLC,2021-09-20 00:00:00,,Chrystia Freeland,F,44
Vancouver-Centre,Colombie-Britannique,PLC,2021-09-20 00:00:00,,Hedy Fry,F,44
Renfrew—Nipissing—Pembroke,Ontario,PCC,2021-09-20 00:00:00,,Cheryl Gallant,F,44
Laurentides—Labelle,Québec,BQ,2021-09-20 00:00:00,,Marie-Hélène Gaudreau,F,44
Winnipeg-Centre,Manitoba,NPD,2021-09-20 00:00:00,,Leah Gazan,F,44
Manicouagan,Québec,BQ,2021-09-20 00:00:00,,Marilène Gill,F,44
Sarnia—Lambton,Ontario,PCC,2021-09-20 00:00:00,,Marilyn Gladu,F,44
Fort McMurray—Cold Lake,Alberta,PCC,2021-09-20 00:00:00,,Laila Goodridge,F,44
Burlington,Ontario,PLC,2021-09-20 00:00:00,,Karina Gould,F,44
Kelowna—Lake Country,Colombie-Britannique,PCC,2021-09-20 00:00:00,,Tracy Gray,F,44
Thunder Bay—Supérieur-Nord,Ontario,PLC,2021-09-20 00:00:00,,Patty Hajdu,F,44
Hamilton Mountain,Ontario,PLC,2021-09-20 00:00:00,,Lisa Hepfner,F,44
Algoma—Manitoulin—Kapuskasing,Ontario,NPD,2021-09-20 00:00:00,,Carol Hughes,F,44
Long Range Mountains,Terre-Neuve-et-Labrador,PLC,2021-09-20 00:00:00,,Gudie Hutchings,F,44
Nunavut,Nunavut,NPD,2021-09-20 00:00:00,,Lori Idlout,F,44
Toronto-Centre,Ontario,PLC,2021-09-20 00:00:00,,Marci Ien,F,44
Markham—Stouffville,Ontario,PLC,2021-09-20 00:00:00,,Helena Jaczek,F,44
Ahuntsic-Cartierville,Québec,PLC,2021-09-20 00:00:00,,Mélanie Joly,F,44
Labrador,Terre-Neuve-et-Labrador,PLC,2021-09-20 00:00:00,,Yvonne Jones,F,44
London-Ouest,Ontario,PLC,2021-09-20 00:00:00,,Arielle Kayabaga,F,44
Mississauga—Erin Mills,Ontario,PLC,2021-09-20 00:00:00,,Iqra Khalid,F,44
Brampton-Ouest,Ontario,PLC,2021-09-20 00:00:00,,Kamal Khera,F,44
Vimy,Québec,PLC,2021-09-20 00:00:00,,Annie Koutrakis,F,44
Hastings—Lennox and Addington,Ontario,PCC,2021-09-20 00:00:00,,Shelby Kramp-Neuman,F,44
Calgary Midnapore,Alberta,PCC,2021-09-20 00:00:00,,Stephanie Kusie,F,44
Vancouver-Est,Colombie-Britannique,NPD,2021-09-20 00:00:00,,Jenny Kwan,F,44
Orléans,Ontario,PLC,2021-09-20 00:00:00,,Marie-France Lalonde,F,44
Saint-Laurent,Québec,PLC,2021-09-20 00:00:00,,Emmanuella Lambropoulos,F,44
Thornhill,Ontario,PCC,2021-09-20 00:00:00,,Melissa Lantsman,F,44
Sudbury,Ontario,PLC,2021-09-20 00:00:00,,Viviane Lapointe,F,44
Shefford,Québec,BQ,2021-09-20 00:00:00,,Andréanne Larouche,F,44
Saint-Léonard—Saint-Michel,Québec,PLC,2021-09-20 00:00:00,,Patricia Lattanzio,F,44
Gaspésie—Les Îles-de-la-Madeleine,Québec,PLC,2021-09-20 00:00:00,,Diane Lebouthillier,F,44
Haldimand—Norfolk,Ontario,PCC,2021-09-20 00:00:00,,Leslyn Lewis,F,44
Hochelaga,Québec,PLC,2021-09-20 00:00:00,,Soraya Martinez Ferrada,F,44
London—Fanshawe,Ontario,NPD,2021-09-20 00:00:00,,Lindsay Mathyssen,F,44
Saanich—Gulf Islands,Colombie-Britannique,PV,2021-09-20 00:00:00,,Elizabeth May,F,44
Edmonton Strathcona,Alberta,NPD,2021-09-20 00:00:00,,Heather McPherson,F,44
Brossard—Saint-Lambert,Québec,PLC,2021-09-20 00:00:00,,Alexandra Mendès,F,44
Avignon—La Mitis—Matane—Matapédia,Québec,BQ,2021-09-20 00:00:00,,Kristina Michaud,F,44
Vancouver Quadra,Colombie-Britannique,PLC,2021-09-20 00:00:00,,Joyce Murray,F,44
Markham—Thornhill,Ontario,PLC,2021-09-20 00:00:00,,Mary Ng,F,44
Saint-Jean,Québec,BQ,2021-09-20 00:00:00,,Christine Normandin,F,44
Pickering—Uxbridge,Ontario,PLC,2021-09-20 00:00:00,,Jennifer O'Connell,F,44
Repentigny,Québec,BQ,2021-09-20 00:00:00,,Monique Pauzé,F,44
Moncton—Riverview—Dieppe,Nouveau-Brunswick,PLC,2021-09-20 00:00:00,,Ginette Petitpas Taylor,F,44
Delta,Colombie-Britannique,PLC,2021-09-20 00:00:00,,Carla Qualtrough,F,44
Calgary Nose Hill,Alberta,PCC,2021-09-20 00:00:00,,Michelle Rempel Garner,F,44
King—Vaughan,Ontario,PCC,2021-09-20 00:00:00,,Anna Roberts,F,44
Longueuil—Charles-LeMoyne,Québec,PLC,2021-09-20 00:00:00,,Sherry Romanado,F,44
Lambton—Kent—Middlesex,Ontario,PCC,2021-09-20 00:00:00,,Lianne Rood,F,44
Brampton-Nord,Ontario,PLC,2021-09-20 00:00:00,,Ruby Sahota,F,44
York-Centre,Ontario,PLC,2021-09-20 00:00:00,,Ya'ara Saks,F,44
Humber River—Black Creek,Ontario,PLC,2021-09-20 00:00:00,,Judy A. Sgro,F,44
Châteauguay—Lacolle,Québec,PLC,2021-09-20 00:00:00,,Brenda Shanahan,F,44
Brampton-Sud,Ontario,PLC,2021-09-20 00:00:00,,Sonia Sidhu,F,44
Terrebonne,Québec,BQ,2021-09-20 00:00:00,,Nathalie Sinclair-Desgagné,F,44
Brome—Missisquoi,Québec,PLC,2021-09-20 00:00:00,,Pascale St-Onge,F,44
Lakeland,Alberta,PCC,2021-09-20 00:00:00,,Shannon Stubbs,F,44
Kanata—Carleton,Ontario,PLC,2021-09-20 00:00:00,,Jenna Sudds,F,44
Hamilton-Ouest—Ancaster—Dundas,Ontario,PLC,2021-09-20 00:00:00,,Filomena Tassi,F,44
Aurora—Oak Ridges—Richmond Hill,Ontario,PLC,2021-09-20 00:00:00,,Leah Taylor Roy,F,44
Lethbridge,Alberta,PCC,2021-09-20 00:00:00,,Rachael Thomas,F,44
St. John's-Est,Terre-Neuve-et-Labrador,PLC,2021-09-20 00:00:00,,Joanne Thompson,F,44
Mississauga—Streetsville,Ontario,PLC,2021-09-20 00:00:00,,Rechie Valdez,F,44
Ottawa-Ouest—Nepean,Ontario,PLC,2021-09-20 00:00:00,,Anita Vandenbeld,F,44
Elgin—Middlesex—London,Ontario,PCC,2021-09-20 00:00:00,,Karen Vecchio,F,44
Bellechasse—Les Etchemins—Lévis,Québec,PCC,2021-09-20 00:00:00,,Dominique Vien,F,44
Beauport—Limoilou,Québec,BQ,2021-09-20 00:00:00,,Julie Vignola,F,44
Yorkton—Melville,Saskatchewan,PCC,2021-09-20 00:00:00,,Cathay Wagantall,F,44
Scarborough—Agincourt,Ontario,PLC,2021-09-20 00:00:00,,Jean Yip,F,44
Scarborough-Centre,Ontario,PLC,2021-09-20 00:00:00,,Salma Zahid,F,44
Port Moody—Coquitlam,Colombie-Britannique,NPD,2021-09-20 00:00:00,,Bonita Zarrillo,F,44
Portage—Lisgar,Manitoba,PCC,2021-09-20 00:00:00,2023-02-28 23:59:59,Candice Bergen,F,44
